time,FLOW,TEMP,SALT,OXY_oxy
2013-05-15,0.016,15.6645,0,292.2598
2013-05-16,0.015,15.3409,0,294.2972
2013-05-17,0.0141,15.2883,0,294.6308
2013-05-18,0.017,14.9034,0,297.0926
2013-05-19,0.0241,14.6352,0,298.83
2013-05-20,0.0385,14.3989,0,300.376
2013-05-21,0.0264,15.2562,0,294.8347
2013-05-22,0.0204,16.0264,0,290.0111
2013-05-23,0.0197,15.6816,0,292.1532
2013-05-24,0.0186,13.7595,0,304.6305
2013-05-25,0.0162,11.8135,0,318.2634
2013-05-26,0.0149,12.6713,0,312.1235
2013-05-27,0.0141,12.9692,0,310.0399
2013-05-28,0.0141,14.819,0,297.6378
2013-05-29,0.014,16.2132,0,288.8619
2013-05-30,0.0132,16.7999,0,285.3063
2013-05-31,0.0143,17.0846,0,283.609
2013-06-01,0.0136,17.2773,0,282.4703
2013-06-02,0.0175,16.9819,0,284.2192
2013-06-03,0.0155,16.8058,0,285.2707
2013-06-04,0.0133,16.4354,0,287.506
2013-06-05,0.0123,16.0664,0,289.7645
2013-06-06,0.0577,15.2289,0,295.0089
2013-06-07,0.0459,15.0014,0,296.4629
2013-06-08,0.0332,15.4024,0,293.9083
2013-06-09,0.0245,16.302,0,288.3189
2013-06-10,0.0265,16.6768,0,286.0458
2013-06-11,0.0286,16.4208,0,287.5946
2013-06-12,0.0233,17.17,0,283.1032
2013-06-13,0.0219,17.817,0,279.324
2013-06-14,0.0182,16.3374,0,288.1028
2013-06-15,0.0159,16.3401,0,288.0862
2013-06-16,0.0151,16.9004,0,284.7049
2013-06-17,0.0151,17.4589,0,281.4049
2013-06-18,0.0175,17.2315,0,282.7403
2013-06-19,0.015,16.8644,0,284.9203
2013-06-20,0.0137,17.1284,0,283.3491
2013-06-21,0.0128,17.1276,0,283.3541
2013-06-22,0.0125,16.9172,0,284.6048
2013-06-23,0.0122,17.9521,0,278.5466
2013-06-24,0.0117,18.4985,0,275.4399
2013-06-25,0.0115,18.6259,0,274.7245
2013-06-26,0.0155,18.5155,0,275.3443
2013-06-27,0.0127,18.0691,0,277.8763
2013-06-28,0.0119,18.8083,0,273.706
2013-06-29,0.0113,18.5847,0,274.9558
2013-06-30,0.0113,18.5663,0,275.0592
2013-07-01,0.0109,18.6531,0,274.5722
2013-07-02,0.0407,18.3465,0,276.2982
2013-07-03,0.0816,17.1885,0,282.9937
2013-07-04,0.0947,17.1304,0,283.3374
2013-07-05,0.0584,17.2282,0,282.7594
2013-07-06,0.0372,17.5745,0,280.7301
2013-07-07,0.0302,17.6027,0,280.5658
2013-07-08,0.0263,17.4857,0,281.2478
2013-07-09,0.0222,18.0057,0,278.2388
2013-07-10,0.0763,18.1316,0,277.5193
2013-07-11,0.0748,17.1228,0,283.3824
2013-07-12,0.059,16.7647,0,285.5175
2013-07-13,0.0437,16.7162,0,285.8084
2013-07-14,0.0423,17.545,0,280.9019
2013-07-15,0.0348,17.6819,0,280.106
2013-07-16,0.0294,18.1255,0,277.5538
2013-07-17,0.0264,18.5191,0,275.3244
2013-07-18,0.025,18.5864,0,274.9464
2013-07-19,0.0234,18.7781,0,273.8742
2013-07-20,0.0222,18.7441,0,274.0641
2013-07-21,0.022,18.5808,0,274.9774
2013-07-22,0.0209,18.5806,0,274.9786
2013-07-23,0.0199,18.6673,0,274.493
2013-07-24,0.0185,18.6218,0,274.7478
2013-07-25,0.0171,17.882,0,278.9497
2013-07-26,0.0163,17.6117,0,280.5137
2013-07-27,0.0178,17.5374,0,280.9462
2013-07-28,0.017,17.6271,0,280.4241
2013-07-29,0.0152,17.2864,0,282.4169
2013-07-30,0.0141,16.7171,0,285.8034
2013-07-31,0.0139,16.8929,0,284.7497
2013-08-01,0.0149,17.3035,0,282.3158
2013-08-02,0.0135,17.4836,0,281.2599
2013-08-03,0.0128,17.4031,0,281.7311
2013-08-04,0.0124,17.6832,0,280.0981
2013-08-05,0.0112,16.978,0,284.2422
2013-08-06,0.0122,17.6144,0,280.498
2013-08-07,0.0123,17.7993,0,279.4266
2013-08-08,0.0215,18.2041,0,277.1063
2013-08-09,0.0168,18.6922,0,274.3538
2013-08-10,0.0133,19.0254,0,272.5026
2013-08-11,0.0148,18.9965,0,272.6626
2013-08-12,0.0139,19.0271,0,272.4934
2013-08-13,0.0132,18.6297,0,274.7035
2013-08-14,0.0116,17.4462,0,281.4786
2013-08-15,0.0102,15.8383,0,291.1757
2013-08-16,0.0101,15.5866,0,292.7483
2013-08-17,0.0104,15.5488,0,292.9858
2013-08-18,0.0199,16.0686,0,289.7503
2013-08-19,0.0142,16.4855,0,287.2018
2013-08-20,0.0122,17.3446,0,282.0746
2013-08-21,0.0112,17.8079,0,279.3766
2013-08-22,0.0112,18.0519,0,277.9746
2013-08-23,0.0102,18.065,0,277.8995
2013-08-24,0.0097,17.0582,0,283.7653
2013-08-25,0.0088,16.7041,0,285.8817
2013-08-26,0.0086,16.8538,0,284.9838
2013-08-27,0.009,17.9018,0,278.8358
2013-08-28,0.0095,18.3146,0,276.4788
2013-08-29,0.0091,19.0448,0,272.3956
2013-08-30,0.0082,18.8238,0,273.6202
2013-08-31,0.0089,18.7622,0,273.963
2013-09-01,0.0087,18.7164,0,274.2188
2013-09-02,0.0082,18.9865,0,272.7179
2013-09-03,0.0078,19.0504,0,272.3646
2013-09-04,0.0069,17.6296,0,280.4095
2013-09-05,0.0069,17.5768,0,280.7168
2013-09-06,0.0062,17.1275,0,283.3547
2013-09-07,0.0062,16.5518,0,286.8005
2013-09-08,0.0066,17.4705,0,281.3366
2013-09-09,0.0063,17.9387,0,278.6232
2013-09-10,0.0126,18.5992,0,274.8745
2013-09-11,0.0238,20.0938,0,266.7152
2013-09-12,0.0221,20.4671,0,264.7442
2013-09-13,0.0211,19.1359,0,271.8935
2013-09-14,0.0207,16.9036,0,284.6856
2013-09-15,0.0203,16.9534,0,284.3886
2013-09-16,0.0208,17.9103,0,278.7866
2013-09-17,0.0202,16.5175,0,287.008
2013-09-18,0.0198,15.8106,0,291.3481
2013-09-19,0.0197,17.0147,0,284.024
2013-09-20,0.0215,17.6203,0,280.4635
2013-09-21,0.0246,17.5779,0,280.7101
2013-09-22,0.0227,16.6645,0,286.12
2013-09-23,0.0207,15.9394,0,290.5488
2013-09-24,0.02,16.178,0,289.0778
2013-09-25,0.0199,16.464,0,287.3327
2013-09-26,0.0201,16.8006,0,285.3019
2013-09-27,0.0199,16.13,0,289.3727
2013-09-28,0.019,16.0029,0,290.1559
2013-09-29,0.0193,15.3435,0,294.2807
2013-09-30,0.0185,15.7184,0,291.9227
2013-10-01,0.0185,16.5038,0,287.0913
2013-10-02,0.0185,16.8859,0,284.7914
2013-10-03,0.018,17.4533,0,281.4372
2013-10-04,0.0179,17.9701,0,278.4431
2013-10-05,0.018,18.4749,0,275.573
2013-10-06,0.0171,18.5284,0,275.2717
2013-10-07,0.0293,17.5443,0,280.9061
2013-10-08,0.0198,15.1973,0,295.2098
2013-10-09,0.0184,14.646,0,298.7595
2013-10-10,0.0209,14.5663,0,299.2796
2013-10-11,0.0196,15.8493,0,291.1078
2013-10-12,0.0192,16.096,0,289.5816
2013-10-13,0.0184,16.1608,0,289.1833
2013-10-14,0.019,15.8554,0,291.0696
2013-10-15,0.0178,15.185,0,295.2882
2013-10-16,0.0174,15.4341,0,293.7083
2013-10-17,0.0175,16.0059,0,290.1372
2013-10-18,0.0177,14.1977,0,301.703
2013-10-19,0.0166,13.9453,0,303.3829
2013-10-20,0.0172,12.4423,0,313.7418
2013-10-21,0.0165,12.4623,0,313.5998
2013-10-22,0.0164,13.3912,0,307.1298
2013-10-23,0.018,12.3073,0,314.703
2013-10-24,0.0176,10.1321,0,330.9399
2013-10-25,0.018,9.1257,0,338.9592
2013-10-26,0.017,8.8461,0,341.2478
2013-10-27,0.0172,10.6072,0,327.2689
2013-10-28,0.0173,11.3122,0,321.9522
2013-10-29,0.0168,12.59,0,312.6961
2013-10-30,0.0166,13.1554,0,308.7497
2013-10-31,0.0158,13.8138,0,304.2652
2013-11-01,0.0177,14.6408,0,298.7934
2013-11-02,0.0183,12.6602,0,312.2012
2013-11-03,0.0194,10.9241,0,324.8602
2013-11-04,0.0187,9.4531,0,336.3132
2013-11-05,0.0183,9.2922,0,337.6094
2013-11-06,0.0177,11.2809,0,322.1846
2013-11-07,0.0194,11.2535,0,322.3887
2013-11-08,0.0204,8.6041,0,343.2513
2013-11-09,0.0197,8.1405,0,347.1453
2013-11-10,0.0202,8.9911,0,340.0575
2013-11-11,0.0195,8.2778,0,345.984
2013-11-12,0.0214,7.9796,0,348.5154
2013-11-13,0.0212,5.5755,0,370.1502
2013-11-14,0.0203,6.1878,0,364.4243
2013-11-15,0.0205,7.2854,0,354.5337
2013-11-16,0.0229,9.4194,0,336.5843
2013-11-17,0.0198,10.4645,0,328.364
2013-11-18,0.0227,10.3678,0,329.1095
2013-11-19,0.0223,7.5157,0,352.517
2013-11-20,0.0212,6.6894,0,359.8464
2013-11-21,0.0201,7.5899,0,351.8719
2013-11-22,0.0195,9.5194,0,335.7822
2013-11-23,0.0217,8.5853,0,343.4073
2013-11-24,0.0232,3.9404,0,386.2186
2013-11-25,0.0214,3.7225,0,388.4495
2013-11-26,0.0381,5.2555,0,373.2043
2013-11-27,0.0395,5.7129,0,368.8519
2013-11-28,0.025,3.5322,0,390.4157
2013-11-29,0.0209,3.9388,0,386.2356
2013-11-30,0.0191,3.7234,0,388.4399
2013-12-01,0.0188,4.0518,0,385.0869
2013-12-02,0.0181,5.516,0,370.7146
2013-12-03,0.0183,6.3674,0,362.7737
2013-12-04,0.0174,7.6432,0,351.4092
2013-12-05,0.0167,9.0552,0,339.5339
2013-12-06,0.0217,11.2435,0,322.4632
2013-12-07,0.0327,8.712,0,342.3556
2013-12-08,0.0241,5.5904,0,370.009
2013-12-09,0.0261,5.8422,0,367.6376
2013-12-10,0.0307,5.9584,0,366.5514
2013-12-11,0.0268,4.2146,0,383.4424
2013-12-12,0.0237,3.3856,0,391.9413
2013-12-13,0.0215,3.2111,0,393.7707
2013-12-14,0.0211,4.3354,0,382.2296
2013-12-15,0.0219,4.7505,0,378.1124
2013-12-16,0.0205,4.2923,0,382.6617
2013-12-17,0.0198,4.8205,0,377.4255
2013-12-18,0.0205,3.5347,0,390.3897
2013-12-19,0.0189,4.3323,0,382.2609
2013-12-20,0.0185,5.5809,0,370.0988
2013-12-21,0.0181,7.3554,0,353.9186
2013-12-22,0.0198,9.9346,0,332.4873
2013-12-23,0.0443,9.2892,0,337.6338
2013-12-24,0.0326,5.0979,0,374.7243
2013-12-25,0.0257,2.771,0,398.4494
2013-12-26,0.0232,3.1387,0,394.534
2013-12-27,0.0216,3.3876,0,391.9207
2013-12-28,0.0201,4.0314,0,385.294
2013-12-29,0.0381,5.9255,0,366.8584
2013-12-30,0.0325,5.934,0,366.7797
2013-12-31,0.0272,4.3596,0,381.9878
2014-01-01,0.024,3.7876,0,387.7807
2014-01-02,0.0225,4.2305,0,383.2821
2014-01-03,0.0266,1.3205,0,414.5469
2014-01-04,0.0223,1.0666,0,417.4764
2014-01-05,0.0213,3.4719,0,391.0423
2014-01-06,0.024,3.1818,0,394.0801
2014-01-07,0.0412,0.2532,0,427.0922
2014-01-08,0.0333,0.2804,0,426.7649
2014-01-09,0.0209,1.2204,0,415.6975
2014-01-10,0.0222,2.7441,0,398.7392
2014-01-11,0.034,4.6405,0,379.196
2014-01-12,0.0346,4.4777,0,380.8097
2014-01-13,0.0276,4.4509,0,381.0762
2014-01-14,0.0266,5.3429,0,372.3659
2014-01-15,0.0255,4.3178,0,382.4059
2014-01-16,0.0246,2.8152,0,397.9757
2014-01-17,0.0235,3.0428,0,395.5493
2014-01-18,0.0244,1.7304,0,409.8897
2014-01-19,0.0228,2.3806,0,402.6784
2014-01-20,0.022,3.2336,0,393.534
2014-01-21,0.0228,2.8855,0,397.2234
2014-01-22,0.0259,0.421,0,425.0785
2014-01-23,0.0262,0.3916,0,425.4311
2014-01-24,0.0511,0.2506,0,427.1235
2014-01-25,0.0419,0.3814,0,425.5534
2014-01-26,0.0218,0.776,0,420.8699
2014-01-27,0.0224,1.9877,0,407.0106
2014-01-28,0.0247,0.2606,0,427.0031
2014-01-29,0.0251,0.3081,0,426.4317
2014-01-30,0.03,0.2926,0,426.6183
2014-01-31,0.0208,1.192,0,416.0254
2014-02-01,0.0196,2.6,0,400.2929
2014-02-02,0.0196,4.2694,0,382.8917
2014-02-03,0.0445,5.1547,0,374.1755
2014-02-04,0.0325,4.066,0,384.9423
2014-02-05,0.0279,4.2949,0,382.6351
2014-02-06,0.0266,3.0573,0,395.3958
2014-02-07,0.0247,2.748,0,398.6967
2014-02-08,0.0235,3.276,0,393.0886
2014-02-09,0.0229,3.9445,0,386.1772
2014-02-10,0.0232,3.0775,0,395.1817
2014-02-11,0.0227,2.1079,0,405.677
2014-02-12,0.0312,0.6921,0,421.859
2014-02-13,0.0785,0.2081,0,427.636
2014-02-14,0.0263,1.8444,0,408.6104
2014-02-15,0.0243,2.6284,0,399.9854
2014-02-16,0.0228,2.144,0,405.2786
2014-02-17,0.0216,2.4559,0,401.8567
2014-02-18,0.0222,3.4969,0,390.7824
2014-02-19,0.0295,4.7222,0,378.391
2014-02-20,0.0309,4.4592,0,380.9942
2014-02-21,0.0507,5.6479,0,369.4651
2014-02-22,0.04,5.4904,0,370.9582
2014-02-23,0.032,6.0479,0,365.7191
2014-02-24,0.0285,5.1301,0,374.413
2014-02-25,0.0268,3.8515,0,387.1267
2014-02-26,0.0265,3.733,0,388.3413
2014-02-27,0.0262,2.586,0,400.444
2014-02-28,0.0248,2.182,0,404.8589
2014-03-01,0.0236,2.956,0,396.4714
2014-03-02,0.024,5.547,0,370.4208
2014-03-03,0.0366,4.3118,0,382.4664
2014-03-04,0.0317,2.3982,0,402.4861
2014-03-05,0.0283,3.9833,0,385.7818
2014-03-06,0.0264,3.5552,0,390.177
2014-03-07,0.0271,3.2047,0,393.8387
2014-03-08,0.0183,5.7927,0,368.1016
2014-03-09,0.0128,7.0083,0,356.9864
2014-03-10,0.0124,7.014,0,356.9363
2014-03-11,0.0123,8.9408,0,340.4697
2014-03-12,0.0126,8.5162,0,343.9831
2014-03-13,0.013,4.0558,0,385.0458
2014-03-14,0.011,5.0404,0,375.2815
2014-03-15,0.0106,7.6007,0,351.7778
2014-03-16,0.0114,5.675,0,369.2094
2014-03-17,0.0121,3.3831,0,391.9674
2014-03-18,0.0123,3.9761,0,385.8549
2014-03-19,0.0129,5.134,0,374.3758
2014-03-20,0.0126,5.944,0,366.6856
2014-03-21,0.0147,6.1066,0,365.1749
2014-03-22,0.0168,6.2692,0,363.6749
2014-03-23,0.0189,6.4317,0,362.1854
2014-03-24,0.021,6.5943,0,360.7063
2014-03-25,0.0231,6.7569,0,359.2377
2014-03-26,0.0252,6.9195,0,357.7793
2014-03-27,0.0273,7.082,0,356.3312
2014-03-28,0.0293,7.2446,0,354.8931
2014-03-29,0.0314,7.4072,0,353.4651
2014-03-30,0.0335,7.5697,0,352.047
2014-03-31,0.0356,7.7323,0,350.6387
2014-04-01,0.0377,7.8949,0,349.2402
2014-04-02,0.0398,8.0575,0,347.8513
2014-04-03,0.0419,8.22,0,346.472
2014-04-04,0.044,8.3826,0,345.1022
2014-04-05,0.0461,8.5452,0,343.7418
2014-04-06,0.0482,8.7077,0,342.3908
2014-04-07,0.0503,8.8703,0,341.0489
2014-04-08,0.0524,9.0329,0,339.7163
2014-04-09,0.0545,9.1954,0,338.3927
2014-04-10,0.0566,9.358,0,337.0781
2014-04-11,0.0587,9.5206,0,335.7725
2014-04-12,0.0608,9.6832,0,334.4757
2014-04-13,0.0629,9.8457,0,333.1876
2014-04-14,0.065,10.0083,0,331.9083
2014-04-15,0.0671,10.1709,0,330.6375
2014-04-16,0.0692,10.3334,0,329.3753
2014-04-17,0.0713,10.496,0,328.1215
2014-04-18,0.0733,10.6586,0,326.8761
2014-04-19,0.0754,10.8212,0,325.639
2014-04-20,0.0775,10.9837,0,324.4102
2014-04-21,0.0796,11.1463,0,323.1895
2014-04-22,0.0817,11.3089,0,321.9769
2014-04-23,0.0838,11.4714,0,320.7724
2014-04-24,0.0859,11.634,0,319.5757
2014-04-25,0.088,11.7966,0,318.387
2014-04-26,0.0901,11.9591,0,317.206
2014-04-27,0.0922,12.1217,0,316.0328
2014-04-28,0.0943,12.2843,0,314.8673
2014-04-29,0.0981,11.9965,0,316.9361
2014-04-30,0.0991,12.6805,0,312.0583
2014-05-01,0.0996,13.3479,0,307.4263
2014-05-02,0.0945,13.0467,0,309.5019
2014-05-03,0.0935,13.2923,0,307.8077
2014-05-04,0.0936,13.6698,0,305.2359
2014-05-05,0.0927,13.6317,0,305.4939
2014-05-06,0.0943,14.0164,0,302.9084
2014-05-07,0.0955,14.5349,0,299.4844
2014-05-08,0.0963,14.9564,0,296.752
2014-05-09,0.0962,15.0177,0,296.3579
2014-05-10,0.0954,14.807,0,297.7153
2014-05-11,0.0945,15.1508,0,295.5061
2014-05-12,0.0948,15.5157,0,293.1935
2014-05-13,0.0959,15.8024,0,291.3993
2014-05-14,0.0941,15.9213,0,290.6611
2014-05-15,0.1076,15.5625,0,292.8994
2014-05-16,0.1092,14.6486,0,298.7425
2014-05-17,0.0993,14.6852,0,298.5048
2014-05-18,0.097,15.1161,0,295.7276
2014-05-19,0.096,15.4769,0,293.4382
2014-05-20,0.0955,16.1153,0,289.463
2014-05-21,0.0967,16.8329,0,285.1085
2014-05-22,0.096,17.1725,0,283.0885
2014-05-23,0.0946,16.9241,0,284.5638
2014-05-24,0.094,16.7678,0,285.4987
2014-05-25,0.094,17.1657,0,283.1285
2014-05-26,0.0954,17.6187,0,280.4725
2014-05-27,0.0986,18.0374,0,278.0574
2014-05-28,0.1,18.1881,0,277.197
2014-05-29,0.0988,17.8802,0,278.9599
2014-05-30,0.0992,18.0917,0,277.7471
2014-05-31,0.0995,18.0868,0,277.7751
2014-06-01,0.098,17.8887,0,278.9107
2014-06-02,0.0995,18.2267,0,276.9777
2014-06-03,0.1,18.6298,0,274.703
2014-06-04,0.1026,19.0196,0,272.5348
2014-06-05,0.1012,19.0382,0,272.4319
2014-06-06,0.099,18.9667,0,272.8273
2014-06-07,0.0975,19.3866,0,270.5214
2014-06-08,0.097,19.6675,0,268.9978
2014-06-09,0.0968,19.9799,0,267.3215
2014-06-10,0.0976,20.3854,0,265.1731
2014-06-11,0.101,20.3806,0,265.1983
2014-06-12,0.1002,20.2893,0,265.6797
2014-06-13,0.0978,20.546,0,264.3306
2014-06-14,0.0973,20.51,0,264.5192
2014-06-15,0.0949,20.8291,0,262.8576
2014-06-16,0.0956,21.5202,0,259.3211
2014-06-17,0.097,21.7856,0,257.9853
2014-06-18,0.0972,22.0246,0,256.7931
2014-06-19,0.0967,22.1716,0,256.0646
2014-06-20,0.0971,22.1376,0,256.2325
2014-06-21,0.0967,22.1288,0,256.2764
2014-06-22,0.0934,22.195,0,255.9487
2014-06-23,0.0916,22.249,0,255.6824
2014-06-24,0.0941,22.8919,0,252.5463
2014-06-25,0.0964,23.4425,0,249.9138
2014-06-26,0.0963,23.4887,0,249.6949
2014-06-27,0.0962,23.6714,0,248.8338
2014-06-28,0.0966,23.6364,0,248.9984
2014-06-29,0.0965,22.919,0,252.4157
2014-06-30,0.0965,23.411,0,250.0629
2014-07-01,0.0967,24.0599,0,247.0187
2014-07-02,0.0977,24.4199,0,245.3575
2014-07-03,0.1122,23.517,0,249.5614
2014-07-04,0.1018,22.7421,0,253.2709
2014-07-05,0.0979,22.4869,0,254.5139
2014-07-06,0.0967,22.8524,0,252.737
2014-07-07,0.0971,23.4299,0,249.9735
2014-07-08,0.097,23.7188,0,248.6111
2014-07-09,0.0979,23.5198,0,249.5481
2014-07-10,0.0973,23.4784,0,249.7437
2014-07-11,0.0976,23.4807,0,249.7328
2014-07-12,0.0961,23.9452,0,247.5521
2014-07-13,0.0958,24.1351,0,246.67
2014-07-14,0.096,24.3573,0,245.645
2014-07-15,0.0962,23.8722,0,247.8927
2014-07-16,0.0944,23.0547,0,251.7629
2014-07-17,0.0942,22.7469,0,253.2477
2014-07-18,0.0927,22.8926,0,252.5428
2014-07-19,0.0928,22.8076,0,252.9535
2014-07-20,0.0936,22.8319,0,252.8361
2014-07-21,0.0939,23.0819,0,251.6325
2014-07-22,0.0902,23.666,0,248.8588
2014-07-23,0.088,24.3912,0,245.489
2014-07-24,0.0932,23.8521,0,247.9866
2014-07-25,0.0987,23.1863,0,251.1329
2014-07-26,0.0891,24.4505,0,245.2171
2014-07-27,0.0887,24.4802,0,245.0811
2014-07-28,0.0876,23.2076,0,251.0309
2014-07-29,0.087,22.2396,0,255.7286
2014-07-30,0.0872,22.0233,0,256.7993
2014-07-31,0.0876,22.5264,0,254.3209
2014-08-01,0.0887,22.1124,0,256.3574
2014-08-02,0.0882,21.7362,0,258.2329
2014-08-03,0.0882,22.128,0,256.28
2014-08-04,0.087,22.6192,0,253.868
2014-08-05,0.087,23.4534,0,249.862
2014-08-06,0.0871,23.6013,0,249.1638
2014-08-07,0.0866,23.7626,0,248.4054
2014-08-08,0.0873,23.335,0,250.424
2014-08-09,0.0983,21.5925,0,258.9561
2014-08-10,0.0932,21.2203,0,260.8452
2014-08-11,0.0993,20.9297,0,262.3374
2014-08-12,0.1192,20.3336,0,265.4457
2014-08-13,0.0984,20.5919,0,264.0911
2014-08-14,0.0918,20.6033,0,264.0313
2014-08-15,0.091,21.2146,0,260.8745
2014-08-16,0.0903,21.3911,0,259.9751
2014-08-17,0.0906,21.9186,0,257.3204
2014-08-18,0.0915,22.0561,0,256.6363
2014-08-19,0.0904,22.2091,0,255.8793
2014-08-20,0.0876,22.7221,0,253.368
2014-08-21,0.0871,23.306,0,250.5617
2014-08-22,0.084,23.1264,0,251.4194
2014-08-23,0.0786,22.9548,0,252.2431
2014-08-24,0.1014,21.7465,0,258.1817
2014-08-25,0.0919,21.6031,0,258.9025
2014-08-26,0.0876,21.8315,0,257.7559
2014-08-27,0.085,22.3445,0,255.2121
2014-08-28,0.0762,23.1966,0,251.0837
2014-08-29,0.0534,22.1492,0,256.1753
2014-08-30,0.0504,23.1355,0,251.3755
2014-08-31,0.0477,23.6166,0,249.0916
2014-09-01,0.0452,23.8788,0,247.862
2014-09-02,0.0448,23.971,0,247.4317
2014-09-03,0.0463,23.5521,0,249.3956
2014-09-04,0.0472,23.5697,0,249.3126
2014-09-05,0.047,23.4989,0,249.6471
2014-09-06,0.0472,23.5948,0,249.1942
2014-09-07,0.0471,22.6331,0,253.8003
2014-09-08,0.0459,21.4243,0,259.807
2014-09-09,0.0451,21.1458,0,261.2262
2014-09-10,0.0441,21.3807,0,260.028
2014-09-11,0.0438,21.7805,0,258.0109
2014-09-12,0.0447,21.4609,0,259.6211
2014-09-13,0.0451,20.3445,0,265.3886
2014-09-14,0.0417,19.0378,0,272.4342
2014-09-15,0.0416,19.4268,0,270.3024
2014-09-16,0.0404,19.8286,0,268.1308
2014-09-17,0.0389,18.9927,0,272.6833
2014-09-18,0.0356,19.1123,0,272.0236
2014-09-19,0.0348,18.8952,0,273.2233
2014-09-20,0.0336,18.9522,0,272.9075
2014-09-21,0.0315,19.343,0,270.7589
2014-09-22,0.0285,18.0533,0,277.9662
2014-09-23,0.0269,16.6183,0,286.3983
2014-09-24,0.0267,16.6104,0,286.4461
2014-09-25,0.026,17.6406,0,280.3454
2014-09-26,0.0252,18.0296,0,278.1022
2014-09-27,0.0247,17.6216,0,280.4562
2014-09-28,0.0239,17.6319,0,280.3963
2014-09-29,0.0237,18.1363,0,277.4926
2014-09-30,0.0241,18.3153,0,276.4746
2014-10-01,0.0231,18.4257,0,275.8502
2014-10-02,0.0227,18.6724,0,274.4644
2014-10-03,0.0231,18.8626,0,273.4043
2014-10-04,0.0229,16.0615,0,289.7943
2014-10-05,0.0217,13.7794,0,304.4965
2014-10-06,0.0209,14.4751,0,299.8757
2014-10-07,0.0243,15.5044,0,293.265
2014-10-08,0.0286,16.171,0,289.1206
2014-10-09,0.0256,15.6482,0,292.3617
2014-10-10,0.0247,16.2241,0,288.7955
2014-10-11,0.0251,16.4053,0,287.689
2014-10-12,0.0308,15.0281,0,296.2911
2014-10-13,0.0318,15.4701,0,293.4809
2014-10-14,0.0346,17.119,0,283.4053
2014-10-15,0.0541,16.5774,0,286.6455
2014-10-16,0.0435,15.5773,0,292.8065
2014-10-17,0.0396,15.5608,0,292.9099
2014-10-18,0.0376,15.3644,0,294.1488
2014-10-19,0.0368,13.7068,0,304.9861
2014-10-20,0.0353,13.793,0,304.4047
2014-10-21,0.0316,14.0241,0,302.857
2014-10-22,0.0305,12.7831,0,311.3381
2014-10-23,0.027,12.1837,0,315.5872
2014-10-24,0.021,12.1864,0,315.5685
2014-10-25,0.0202,12.4135,0,313.9461
2014-10-26,0.0159,12.9008,0,310.5156
2014-10-27,0.009,12.409,0,313.9786
2014-10-28,0.0082,13.8734,0,303.8644
2014-10-29,0.0066,13.8362,0,304.114
2014-10-30,0.0059,11.4784,0,320.7206
2014-10-31,0.0061,10.1346,0,330.9204
2014-11-01,0.0096,9.5942,0,335.1845
2014-11-02,0.0061,7.4893,0,352.7477
2014-11-03,0.0051,7.9391,0,348.8618
2014-11-04,0.0049,9.9401,0,332.4439
2014-11-05,0.0047,11.143,0,323.214
2014-11-06,0.0051,11.686,0,319.1944
2014-11-07,0.005,9.2942,0,337.5934
2014-11-08,0.0054,7.6972,0,350.9421
2014-11-09,0.0055,8.73,0,342.2065
2014-11-10,0.0055,8.9908,0,340.0601
2014-11-11,0.0055,9.3864,0,336.8499
2014-11-12,0.0054,10.1226,0,331.0139
2014-11-13,0.0049,8.4948,0,344.1623
2014-11-14,0.0057,5.2659,0,373.1042
2014-11-15,0.0055,3.7907,0,387.7487
2014-11-16,0.0051,5.3183,0,372.6014
2014-11-17,0.0092,6.3306,0,363.1107
2014-11-18,0.0076,2.6601,0,399.6435
2014-11-19,0.0064,1.7089,0,410.1325
2014-11-20,0.0059,3.3432,0,392.3845
2014-11-21,0.0064,2.8032,0,398.104
2014-11-22,0.0064,2.8224,0,397.8986
2014-11-23,0.0082,4.7431,0,378.185
2014-11-24,0.0125,8.759,0,341.967
2014-11-25,0.0079,8.3792,0,345.131
2014-11-26,0.022,6.5748,0,360.8835
2014-11-27,0.0151,5.9374,0,366.7476
2014-11-28,0.0112,4.231,0,383.2769
2014-11-29,0.0091,4.3857,0,381.7265
2014-11-30,0.0078,5.889,0,367.1999
2014-12-01,0.0071,8.0556,0,347.8669
2014-12-02,0.0135,7.2637,0,354.7244
2014-12-03,0.0117,7.2381,0,354.9502
2014-12-04,0.0105,6.8111,0,358.7499
2014-12-05,0.0111,6.4486,0,362.0312
2014-12-06,0.0114,7.4625,0,352.9813
2014-12-07,0.0117,6.2057,0,364.2591
2014-12-08,0.0113,4.623,0,379.3689
2014-12-09,0.012,5.4311,0,371.5228
2014-12-10,0.0117,4.7716,0,377.9052
2014-12-11,0.0122,3.1039,0,394.9028
2014-12-12,0.0116,3.7045,0,388.635
2014-12-13,0.0113,4.1666,0,383.9262
2014-12-14,0.0123,4.3758,0,381.8254
2014-12-15,0.011,4.6117,0,379.4812
2014-12-16,0.0106,5.8182,0,367.8621
2014-12-17,0.0122,6.1985,0,364.3259
2014-12-18,0.0137,4.3321,0,382.2631
2014-12-19,0.0153,3.8192,0,387.4572
2014-12-20,0.015,3.664,0,389.0525
2014-12-21,0.0145,4.5696,0,379.8977
2014-12-22,0.0155,4.4722,0,380.8647
2014-12-23,0.0163,5.3192,0,372.5934
2014-12-24,0.0228,6.6328,0,360.3577
2014-12-25,0.0225,6.1589,0,364.6917
2014-12-26,0.021,4.8908,0,376.7377
2014-12-27,0.0202,5.7451,0,368.5489
2014-12-28,0.0195,6.9703,0,357.3253
2014-12-29,0.0215,6.4395,0,362.1148
2014-12-30,0.032,4.8253,0,377.3785
2014-12-31,0.0909,3.803,0,387.6226
2015-01-01,0.0903,3.6461,0,389.2363
2015-01-02,0.0889,4.2669,0,382.9168
2015-01-03,0.0895,4.4319,0,381.2661
2015-01-04,0.0896,5.204,0,373.7004
2015-01-05,0.0895,3.9118,0,386.5106
2015-01-06,0.0881,3.4548,0,391.2201
2015-01-07,0.0907,2.2991,0,403.5713
2015-01-08,0.0904,0.9386,0,418.965
2015-01-09,0.086,1.5592,0,411.8248
2015-01-10,0.087,1.1477,0,416.5366
2015-01-11,0.0851,1.6662,0,410.613
2015-01-12,0.0858,2.721,0,398.9868
2015-01-13,0.085,2.5283,0,401.0696
2015-01-14,0.0856,2.2642,0,403.9544
2015-01-15,0.0853,2.3134,0,403.4137
2015-01-16,0.0845,2.5824,0,400.4835
2015-01-17,0.0836,2.7261,0,398.9319
2015-01-18,0.0829,3.2429,0,393.4365
2015-01-19,0.0828,3.3709,0,392.0948
2015-01-20,0.0832,3.7129,0,388.5481
2015-01-21,0.0821,3.8448,0,387.1949
2015-01-22,0.0828,3.6665,0,389.0267
2015-01-23,0.084,3.4748,0,391.0119
2015-01-24,0.0859,3.5626,0,390.1003
2015-01-25,0.0834,3.7457,0,388.2107
2015-01-26,0.0839,3.8314,0,387.3324
2015-01-27,0.0858,2.6308,0,399.9595
2015-01-28,0.0809,2.1898,0,404.7728
2015-01-29,0.0639,2.4868,0,401.5212
2015-01-30,0.0569,2.6121,0,400.1622
2015-01-31,0.0506,1.8819,0,408.1908
2015-02-01,0.0433,3.0466,0,395.5095
2015-02-02,0.0455,3.3927,0,391.8674
2015-02-03,0.0458,1.8904,0,408.0954
2015-02-04,0.039,2.7036,0,399.1741
2015-02-05,0.0409,2.1619,0,405.0807
2015-02-06,0.0371,1.2344,0,415.5368
2015-02-07,0.0322,2.6033,0,400.2568
2015-02-08,0.0308,3.9571,0,386.0489
2015-02-09,0.0306,5.3768,0,372.042
2015-02-10,0.032,4.7108,0,378.5027
2015-02-11,0.0311,3.8357,0,387.2876
2015-02-12,0.0312,3.3054,0,392.7805
2015-02-13,0.0331,1.1122,0,416.9476
2015-02-14,0.0306,1.7628,0,409.5254
2015-02-15,0.0428,0.2575,0,427.0407
2015-02-16,0.0379,0.19,0,427.8549
2015-02-17,0.043,0.4916,0,424.237
2015-02-18,0.0329,0.9038,0,419.3726
2015-02-19,0.0353,0.3435,0,426.0065
2015-02-20,0.0307,0.33,0,426.169
2015-02-21,0.0338,0.4869,0,424.2928
2015-02-22,0.0385,1.76,0,409.557
2015-02-23,0.0372,2.1235,0,405.5042
2015-02-24,0.0354,1.2862,0,414.9402
2015-02-25,0.0335,1.8776,0,408.2386
2015-02-26,0.0338,2.1941,0,404.7257
2015-02-27,0.0334,2.0728,0,406.0657
2015-02-28,0.033,1.4854,0,412.6629
2015-03-01,0.0323,2.1232,0,405.5076
2015-03-02,0.0355,3.4522,0,391.2472
2015-03-03,0.0354,2.6454,0,399.802
2015-03-04,0.0443,3.8426,0,387.2173
2015-03-05,0.0883,2.8927,0,397.1467
2015-03-06,0.0997,2.3135,0,403.4125
2015-03-07,0.0921,3.1299,0,394.6275
2015-03-08,0.0887,4.0245,0,385.3638
2015-03-09,0.0881,4.6393,0,379.2084
2015-03-10,0.0866,4.8027,0,377.6001
2015-03-11,0.0855,5.1727,0,374.0016
2015-03-12,0.0823,5.1133,0,374.5751
2015-03-13,0.0793,4.5992,0,379.6048
2015-03-14,0.0845,5.4619,0,371.2299
2015-03-15,0.0857,6.1251,0,365.0037
2015-03-16,0.0811,6.7856,0,358.9792
2015-03-17,0.0783,7.3044,0,354.3669
2015-03-18,0.0723,6.5517,0,361.0934
2015-03-19,0.0654,6.0432,0,365.7626
2015-03-20,0.0747,6.3446,0,362.9827
2015-03-21,0.0704,7.8005,0,350.0507
2015-03-22,0.064,8.4902,0,344.2007
2015-03-23,0.0581,8.5891,0,343.3761
2015-03-24,0.055,8.5034,0,344.0901
2015-03-25,0.0535,8.3472,0,345.3997
2015-03-26,0.0571,10.6499,0,326.9424
2015-03-27,0.093,9.0742,0,339.3793
2015-03-28,0.093,7.185,0,355.4192
2015-03-29,0.0851,7.2171,0,355.1358
2015-03-30,0.0811,8.4104,0,344.8687
2015-03-31,0.0772,9.0077,0,339.922
2015-04-01,0.0691,9.5522,0,335.5197
2015-04-02,0.0628,10.4374,0,328.5726
2015-04-03,0.0604,11.7002,0,319.0907
2015-04-04,0.0593,11.1022,0,323.5199
2015-04-05,0.0517,10.3975,0,328.8802
2015-04-06,0.0462,11.9332,0,317.3938
2015-04-07,0.0514,13.2828,0,307.8728
2015-04-08,0.0531,14.4351,0,300.138
2015-04-09,0.0656,14.3194,0,300.8991
2015-04-10,0.0644,14.2483,0,301.368
2015-04-11,0.0593,13.7042,0,305.0036
2015-04-12,0.0545,13.3441,0,307.4527
2015-04-13,0.0537,14.3117,0,300.9499
2015-04-14,0.0625,14.7313,0,298.2058
2015-04-15,0.0737,13.7032,0,305.01
2015-04-16,0.0727,13.3611,0,307.3358
2015-04-17,0.0742,15.1717,0,295.3732
2015-04-18,0.0711,16.5672,0,286.7072
2015-04-19,0.0787,16.0444,0,289.9
2015-04-20,0.126,15.2083,0,295.1395
2015-04-21,0.0979,14.6412,0,298.7907
2015-04-22,0.0931,14.3769,0,300.5205
2015-04-23,0.0903,13.5394,0,306.1201
2015-04-24,0.0891,13.0878,0,309.2169
2015-04-25,0.0889,12.3716,0,314.2447
2015-04-26,0.0901,11.9534,0,317.2474
2015-04-27,0.0888,12.2715,0,314.959
2015-04-28,0.087,12.8116,0,311.1391
2015-04-29,0.0855,13.802,0,304.3444
2015-04-30,0.0846,14.3232,0,300.8737
2015-05-01,0.088,13.9124,0,303.6033
2015-05-02,0.0852,14.3287,0,300.8373
2015-05-03,0.0829,15.1286,0,295.6478
2015-05-04,0.0808,16.356,0,287.9891
2015-05-05,0.0794,17.6368,0,280.3678
2015-05-06,0.0756,18.5399,0,275.2073
2015-05-07,0.0724,19.0932,0,272.1286
2015-05-08,0.0698,19.5709,0,269.5198
2015-05-09,0.0654,20.0966,0,266.7003
2015-05-10,0.0621,20.4206,0,264.988
2015-05-11,0.06,21.0454,0,261.7414
2015-05-12,0.0574,21.2425,0,260.7319
2015-05-13,0.0525,18.8926,0,273.2377
2015-05-14,0.0486,17.5455,0,280.8988
2015-05-15,0.047,18.3531,0,276.2605
2015-05-16,0.0474,19.6629,0,269.0225
2015-05-17,0.0462,20.577,0,264.1689
2015-05-18,0.0506,20.8859,0,262.5634
2015-05-19,0.0525,21.2554,0,260.666
2015-05-20,0.048,20.0946,0,266.7108
2015-05-21,0.0462,18.4245,0,275.8573
2015-05-22,0.045,17.2871,0,282.4126
2015-05-23,0.0422,17.5275,0,281.0039
2015-05-24,0.0406,18.3769,0,276.1262
2015-05-25,0.0388,19.1726,0,271.692
2015-05-26,0.0377,19.9697,0,267.376
2015-05-27,0.0367,20.87,0,262.6458
2015-05-28,0.0354,21.1655,0,261.1254
2015-05-29,0.0338,21.3962,0,259.9492
2015-05-30,0.0329,21.5897,0,258.9703
2015-05-31,0.0331,21.7387,0,258.2204
2015-06-01,0.0377,21.7692,0,258.0678
2015-06-02,0.0457,21.4554,0,259.6491
2015-06-03,0.0619,20.0835,0,266.7695
2015-06-04,0.0619,19.7245,0,268.6907
2015-06-05,0.0595,20.1122,0,266.6173
2015-06-06,0.0548,21.0928,0,261.498
2015-06-07,0.0496,21.1755,0,261.0742
2015-06-08,0.0605,21.1401,0,261.2555
2015-06-09,0.07,21.5275,0,259.2843
2015-06-10,0.0625,21.9533,0,257.1475
2015-06-11,0.0563,22.9149,0,252.4353
2015-06-12,0.0513,23.5328,0,249.4866
2015-06-13,0.0491,23.7526,0,248.4523
2015-06-14,0.0474,23.7292,0,248.5622
2015-06-15,0.0452,24.2291,0,246.2356
2015-06-16,0.0421,24.48,0,245.082
2015-06-17,0.0438,24.0002,0,247.296
2015-06-18,0.0542,23.9052,0,247.7385
2015-06-19,0.052,24.0016,0,247.2897
2015-06-20,0.0477,24.2429,0,246.1717
2015-06-21,0.0453,24.2856,0,245.9748
2015-06-22,0.0412,24.2624,0,246.0819
2015-06-23,0.0384,24.7959,0,243.6429
2015-06-24,0.033,24.1989,0,246.3752
2015-06-25,0.0292,23.8337,0,248.0723
2015-06-26,0.0294,23.8247,0,248.1147
2015-06-27,0.0354,23.1808,0,251.1588
2015-06-28,0.0323,21.4979,0,259.4339
2015-06-29,0.0281,20.8651,0,262.6711
2015-06-30,0.0272,21.5696,0,259.0717
2015-07-01,0.0278,21.6092,0,258.872
2015-07-02,0.0263,21.7601,0,258.1132
2015-07-03,0.0261,21.0793,0,261.5675
2015-07-04,0.0278,21.4879,0,259.4845
2015-07-05,0.0293,21.612,0,258.8579
2015-07-06,0.045,21.9239,0,257.2945
2015-07-07,0.044,22.6157,0,253.885
2015-07-08,0.0408,22.9734,0,252.1533
2015-07-09,0.0392,23.3597,0,250.3067
2015-07-10,0.0333,23.4671,0,249.7974
2015-07-11,0.0312,23.2606,0,250.778
2015-07-12,0.0286,23.0168,0,251.945
2015-07-13,0.0733,22.8192,0,252.8976
2015-07-14,0.07,23.7328,0,248.5451
2015-07-15,0.0578,23.4267,0,249.9888
2015-07-16,0.0474,23.3447,0,250.3779
2015-07-17,0.0428,23.3428,0,250.3868
2015-07-18,0.0421,24.062,0,247.009
2015-07-19,0.0417,24.8528,0,243.3854
2015-07-20,0.0384,25.0281,0,242.5945
2015-07-21,0.0334,24.5648,0,244.6943
2015-07-22,0.0287,23.5753,0,249.286
2015-07-23,0.0256,22.8772,0,252.6172
2015-07-24,0.0244,23.1623,0,251.2474
2015-07-25,0.0229,23.282,0,250.6763
2015-07-26,0.0217,23.5113,0,249.5885
2015-07-27,0.0206,23.6628,0,248.8739
2015-07-28,0.026,23.7101,0,248.6517
2015-07-29,0.026,23.9136,0,247.6992
2015-07-30,0.0247,24.1917,0,246.4084
2015-07-31,0.0222,22.8644,0,252.6791
2015-08-01,0.02,22.4209,0,254.8368
2015-08-02,0.018,21.5301,0,259.2711
2015-08-03,0.0164,21.6954,0,258.4378
2015-08-04,0.0155,22.7536,0,253.2149
2015-08-05,0.0146,22.895,0,252.5313
2015-08-06,0.0134,22.1646,0,256.0991
2015-08-07,0.0134,21.1985,0,260.9565
2015-08-08,0.0129,21.2711,0,260.5858
2015-08-09,0.012,21.6223,0,258.8059
2015-08-10,0.0147,21.6739,0,258.5464
2015-08-11,0.0264,22.2982,0,255.4396
2015-08-12,0.0231,21.8359,0,257.7335
2015-08-13,0.0214,21.2862,0,260.5088
2015-08-14,0.0202,21.4882,0,259.4829
2015-08-15,0.0192,22.1501,0,256.1707
2015-08-16,0.0183,22.3359,0,255.2541
2015-08-17,0.0172,22.6644,0,253.6483
2015-08-18,0.0162,22.6513,0,253.7121
2015-08-19,0.0163,22.9148,0,252.4358
2015-08-20,0.0158,22.8536,0,252.7309
2015-08-21,0.0144,21.4692,0,259.5794
2015-08-22,0.0129,20.774,0,263.1433
2015-08-23,0.0122,21.1417,0,261.2476
2015-08-24,0.0116,21.9014,0,257.4067
2015-08-25,0.0096,20.3653,0,265.2789
2015-08-26,0.0106,19.2399,0,271.323
2015-08-27,0.0117,18.7961,0,273.7739
2015-08-28,0.0111,19.3307,0,270.826
2015-08-29,0.0104,19.587,0,269.4329
2015-08-30,0.0098,19.8975,0,267.7619
2015-08-31,0.0096,20.2428,0,265.9251
2015-09-01,0.0094,20.6805,0,263.6289
2015-09-02,0.0088,21.1692,0,261.1067
2015-09-03,0.0081,20.9055,0,262.4622
2015-09-04,0.0139,20.7429,0,263.3044
2015-09-05,0.0163,21.1856,0,261.0225
2015-09-06,0.0155,20.9239,0,262.3676
2015-09-07,0.0144,20.8824,0,262.5817
2015-09-08,0.0138,21.3457,0,260.2059
2015-09-09,0.0129,21.6798,0,258.5165
2015-09-10,0.0123,21.5729,0,259.0549
2015-09-11,0.0117,20.486,0,264.6448
2015-09-12,0.0107,19.7499,0,268.5539
2015-09-13,0.0092,16.5895,0,286.5725
2015-09-14,0.0073,15.3682,0,294.1244
2015-09-15,0.0062,16.319,0,288.2153
2015-09-16,0.0056,16.9079,0,284.6601
2015-09-17,0.0052,17.144,0,283.2573
2015-09-18,0.0048,17.4777,0,281.2946
2015-09-19,0.0044,17.8454,0,279.1603
2015-09-20,0.0038,18.5862,0,274.947
2015-09-21,0.017,16.8206,0,285.1821
2015-09-22,0.0258,17.4509,0,281.4512
2015-09-23,0.0215,17.8799,0,278.9617
2015-09-24,0.0199,17.738,0,279.7807
2015-09-25,0.0189,17.5876,0,280.6537
2015-09-26,0.034,17.2116,0,282.8577
2015-09-27,0.0656,17.4046,0,281.7226
2015-09-28,0.0666,18.6293,0,274.7058
2015-09-29,0.1264,18.7684,0,273.9282
2015-09-30,0.0928,19.2761,0,271.1244
2015-10-01,0.0796,18.4483,0,275.7227
2015-10-02,0.0868,16.8729,0,284.8692
2015-10-03,0.1068,15.7251,0,291.8811
2015-10-04,0.0939,16.032,0,289.9764
2015-10-05,0.0836,16.0722,0,289.7285
2015-10-06,0.0777,16.228,0,288.7713
2015-10-07,0.0766,17.069,0,283.7017
2015-10-08,0.0758,17.639,0,280.3551
2015-10-09,0.0759,18.0735,0,277.8507
2015-10-10,0.0755,17.1588,0,283.1698
2015-10-11,0.0759,16.6202,0,286.387
2015-10-12,0.0758,16.8934,0,284.7466
2015-10-13,0.0756,17.1578,0,283.1753
2015-10-14,0.075,16.6288,0,286.3354
2015-10-15,0.0788,15.9965,0,290.1958
2015-10-16,0.0796,15.7973,0,291.431
2015-10-17,0.0799,14.5723,0,299.2401
2015-10-18,0.0805,13.5067,0,306.3425
2015-10-19,0.0777,13.2733,0,307.9379
2015-10-20,0.075,13.8145,0,304.2603
2015-10-21,0.0681,14.2932,0,301.0715
2015-10-22,0.0612,14.6509,0,298.7276
2015-10-23,0.0529,15.3637,0,294.1527
2015-10-24,0.0436,14.7369,0,298.1693
2015-10-25,0.0399,14.8684,0,297.3183
2015-10-26,0.0358,13.5647,0,305.9481
2015-10-27,0.0415,12.562,0,312.894
2015-10-28,0.1028,13.8003,0,304.3556
2015-10-29,0.087,13.9667,0,303.2402
2015-10-30,0.0768,12.8684,0,310.7416
2015-10-31,0.0788,12.4428,0,313.738
2015-11-01,0.0796,13.4289,0,306.8729
2015-11-02,0.0756,13.6452,0,305.4022
2015-11-03,0.0747,13.9481,0,303.3641
2015-11-04,0.0689,14.4739,0,299.8839
2015-11-05,0.0674,15.2325,0,294.9857
2015-11-06,0.0628,15.9377,0,290.5594
2015-11-07,0.0585,15.3814,0,294.0409
2015-11-08,0.0529,12.7611,0,311.4925
2015-11-09,0.0603,11.8531,0,317.9753
2015-11-10,0.0825,12.9792,0,309.9703
2015-11-11,0.0772,12.4079,0,313.9864
2015-11-12,0.0733,12.6026,0,312.6073
2015-11-13,0.0684,11.2304,0,322.561
2015-11-14,0.0626,10.1303,0,330.9536
2015-11-15,0.0566,10.12,0,331.0342
2015-11-16,0.0519,10.424,0,328.6761
2015-11-17,0.0478,10.7879,0,325.8915
2015-11-18,0.0494,11.0933,0,323.5865
2015-11-19,0.0962,12.1736,0,315.66
2015-11-20,0.0894,10.1998,0,330.412
2015-11-21,0.0856,9.3934,0,336.7935
2015-11-22,0.0805,9.0635,0,339.4665
2015-11-23,0.0769,7.9865,0,348.4565
2015-11-24,0.0729,8.029,0,348.094
2015-11-25,0.0698,7.9881,0,348.4423
2015-11-26,0.0617,8.6549,0,342.8287
2015-11-27,0.0594,9.2573,0,337.8916
2015-11-28,0.0552,9.838,0,333.2489
2015-11-29,0.0519,10.5486,0,327.7178
2015-11-30,0.0581,9.3825,0,336.881
2015-12-01,0.0936,9.2139,0,338.2432
2015-12-02,0.1007,9.9859,0,332.0837
2015-12-03,0.0898,8.3468,0,345.4028
2015-12-04,0.0863,7.6895,0,351.0082
2015-12-05,0.0841,7.6479,0,351.3687
2015-12-06,0.0842,7.5713,0,352.0336
2015-12-07,0.0838,7.9198,0,349.0263
2015-12-08,0.0816,7.7354,0,350.6124
2015-12-09,0.0791,7.8256,0,349.8352
2015-12-10,0.0783,8.2593,0,346.1403
2015-12-11,0.0748,8.7473,0,342.0634
2015-12-12,0.0732,9.6766,0,334.5277
2015-12-13,0.0709,10.2045,0,330.3758
2015-12-14,0.0704,10.9726,0,324.4944
2015-12-15,0.0675,10.2226,0,330.2348
2015-12-16,0.0644,9.206,0,338.3071
2015-12-17,0.0708,9.5986,0,335.1494
2015-12-18,0.0719,8.3484,0,345.39
2015-12-19,0.068,6.5516,0,361.0944
2015-12-20,0.0647,6.5516,0,361.0942
2015-12-21,0.0629,7.117,0,356.0212
2015-12-22,0.0621,8.1758,0,346.8464
2015-12-23,0.0707,9.1157,0,339.0405
2015-12-24,0.0855,10.2638,0,329.9147
2015-12-25,0.0866,10.7379,0,326.2718
2015-12-26,0.0826,10.9872,0,324.3842
2015-12-27,0.0833,11.4915,0,320.6242
2015-12-28,0.0807,10.7348,0,326.2954
2015-12-29,0.0864,10.0865,0,331.2963
2015-12-30,0.0849,10.3865,0,328.9654
2015-12-31,0.0839,10.0746,0,331.3892
2016-01-01,0.0836,8.3736,0,345.1775
2016-01-02,0.0845,7.035,0,356.7491
2016-01-03,0.0822,6.687,0,359.8676
2016-01-04,0.0805,5.7957,0,368.0738
2016-01-05,0.0774,4.6361,0,379.2397
2016-01-06,0.0746,4.2975,0,382.6096
2016-01-07,0.0708,4.6344,0,379.2564
2016-01-08,0.0679,5.1643,0,374.0831
2016-01-09,0.0689,5.8163,0,367.8798
2016-01-10,0.0808,5.957,0,366.5644
2016-01-11,0.0792,3.9483,0,386.1384
2016-01-12,0.0756,3.9427,0,386.1952
2016-01-13,0.0728,2.9802,0,396.2142
2016-01-14,0.0598,3.8927,0,386.7051
2016-01-15,0.0642,4.0655,0,384.9476
2016-01-16,0.0738,4.5516,0,380.0763
2016-01-17,0.073,3.8679,0,386.9584
2016-01-18,0.0777,2.073,0,406.0634
2016-01-19,0.0757,1.1662,0,416.3224
2016-01-20,0.0552,1.5001,0,412.4957
2016-01-21,0.0541,1.8704,0,408.3189
2016-01-22,0.0637,0.5026,0,424.1055
2016-01-23,0.0897,1.1675,0,416.308
2016-01-24,0.0815,1.768,0,409.4668
2016-01-25,0.0707,2.4299,0,402.1405
2016-01-26,0.0606,2.8754,0,397.3314
2016-01-27,0.0672,2.9135,0,396.9243
2016-01-28,0.0668,2.6972,0,399.2437
2016-01-29,0.062,2.7344,0,398.8434
2016-01-30,0.0553,2.9615,0,396.4137
2016-01-31,0.0601,3.6562,0,389.1321
2016-02-01,0.0659,4.1428,0,384.1659
2016-02-02,0.0864,4.2595,0,382.991
2016-02-03,0.1105,4.8326,0,377.3071
2016-02-04,0.112,4.7739,0,377.8832
2016-02-05,0.1038,3.6344,0,389.3579
2016-02-06,0.0966,3.5177,0,390.566
2016-02-07,0.0952,3.669,0,389.001
2016-02-08,0.0947,3.7322,0,388.3499
2016-02-09,0.0962,3.3526,0,392.2864
2016-02-10,0.0975,2.6154,0,400.1262
2016-02-11,0.0966,2.1606,0,405.0945
2016-02-12,0.0919,2.3648,0,402.8514
2016-02-13,0.0976,1.6834,0,410.4191
2016-02-14,0.094,1.4493,0,413.0746
2016-02-15,0.0917,1.2681,0,415.1485
2016-02-16,0.1196,2.8755,0,397.3303
2016-02-17,0.1061,3.4857,0,390.8982
2016-02-18,0.1003,3.4393,0,391.3817
2016-02-19,0.0954,3.5562,0,390.1662
2016-02-20,0.0984,4.4505,0,381.0803
2016-02-21,0.1044,4.9411,0,376.2468
2016-02-22,0.104,5.1144,0,374.5651
2016-02-23,0.1061,4.9834,0,375.835
2016-02-24,0.1107,5.4616,0,371.2329
2016-02-25,0.1142,4.7351,0,378.2639
2016-02-26,0.1064,4.1118,0,384.4795
2016-02-27,0.1,4.3069,0,382.5155
2016-02-28,0.0976,5.0944,0,374.7586
2016-02-29,0.0989,5.8438,0,367.623
2016-03-01,0.0941,6.2835,0,363.5429
2016-03-02,0.101,5.6229,0,369.7014
2016-03-03,0.0961,4.8774,0,376.8689
2016-03-04,0.0971,5.4841,0,371.0187
2016-03-05,0.095,5.7091,0,368.8882
2016-03-06,0.0953,6.35,0,362.9331
2016-03-07,0.0934,6.8684,0,358.236
2016-03-08,0.0929,8.2564,0,346.1651
2016-03-09,0.0928,9.1978,0,338.3735
2016-03-10,0.0912,10.5923,0,327.3829
2016-03-11,0.0927,11.6582,0,319.3981
2016-03-12,0.0896,12.3223,0,314.5959
2016-03-13,0.0891,12.7292,0,311.716
2016-03-14,0.0955,12.5188,0,313.1997
2016-03-15,0.1042,12.8003,0,311.2178
2016-03-16,0.0994,13.201,0,308.4352
2016-03-17,0.0971,12.6089,0,312.563
2016-03-18,0.0955,12.2765,0,314.9233
2016-03-19,0.0973,11.0137,0,324.1841
2016-03-20,0.0944,10.2145,0,330.2981
2016-03-21,0.1001,9.3072,0,337.4882
2016-03-22,0.0922,9.6113,0,335.0482
2016-03-23,0.0937,10.4727,0,328.3004
2016-03-24,0.0902,11.5394,0,320.2713
2016-03-25,0.0923,12.5502,0,312.9772
2016-03-26,0.0913,11.6489,0,319.4668
2016-03-27,0.0885,11.8479,0,318.0132
2016-03-28,0.0925,12.1549,0,315.7943
2016-03-29,0.0922,11.4064,0,321.2536
2016-03-30,0.0897,11.533,0,320.3181
2016-03-31,0.0874,12.2331,0,315.2333
2016-04-01,0.0919,13.5469,0,306.0691
2016-04-02,0.0905,13.1719,0,308.6362
2016-04-03,0.0915,11.0776,0,323.7043
2016-04-04,0.0892,12.0502,0,316.5479
2016-04-05,0.0914,11.0434,0,323.9609
2016-04-06,0.0874,10.6646,0,326.8303
2016-04-07,0.0901,11.2953,0,322.0777
2016-04-08,0.0897,10.4209,0,328.6994
2016-04-09,0.093,9.2374,0,338.0527
2016-04-10,0.0895,9.3805,0,336.8969
2016-04-11,0.0873,11.153,0,323.1392
2016-04-12,0.089,12.2382,0,315.1967
2016-04-13,0.0879,11.6789,0,319.247
2016-04-14,0.0886,12.0756,0,316.3647
2016-04-15,0.0879,12.3369,0,314.4919
2016-04-16,0.0875,12.822,0,311.0662
2016-04-17,0.0872,13.9155,0,303.5823
2016-04-18,0.0892,15.209,0,295.135
2016-04-19,0.0906,16.1655,0,289.1545
2016-04-20,0.0876,15.9173,0,290.6856
2016-04-21,0.0856,16.1101,0,289.4951
2016-04-22,0.088,16.0229,0,290.0324
2016-04-23,0.0887,15.8649,0,291.0107
2016-04-24,0.0855,15.7583,0,291.6738
2016-04-25,0.0841,16.8129,0,285.2283
2016-04-26,0.0836,17.9462,0,278.5801
2016-04-27,0.0825,18.4481,0,275.7239
2016-04-28,0.081,18.7155,0,274.2234
2016-04-29,0.0796,18.8896,0,273.2545
2016-04-30,0.0758,17.703,0,279.9834
2016-05-01,0.0922,17.0396,0,283.8761
2016-05-02,0.0912,18.2144,0,277.0476
2016-05-03,0.091,18.2074,0,277.0873
2016-05-04,0.0856,17.4121,0,281.6786
2016-05-05,0.0946,15.8171,0,291.3079
2016-05-06,0.0941,15.2221,0,295.052
2016-05-07,0.0883,15.8391,0,291.1712
2016-05-08,0.0864,16.5955,0,286.536
2016-05-09,0.083,16.6799,0,286.0272
2016-05-10,0.0821,17.2726,0,282.4979
2016-05-11,0.0866,17.6679,0,280.187
2016-05-12,0.0857,18.471,0,275.5947
2016-05-13,0.0852,18.6018,0,274.8599
2016-05-14,0.0827,17.6889,0,280.0655
2016-05-15,0.0814,15.6818,0,292.1519
2016-05-16,0.0778,15.3969,0,293.9432
2016-05-17,0.0762,15.855,0,291.0722
2016-05-18,0.0758,15.504,0,293.2676
2016-05-19,0.074,15.6706,0,292.2216
2016-05-20,0.0682,15.6639,0,292.2639
2016-05-21,0.0878,15.9884,0,290.2453
2016-05-22,0.0945,16.0148,0,290.0825
2016-05-23,0.088,16.058,0,289.8158
2016-05-24,0.0842,17.0124,0,284.0376
2016-05-25,0.0812,18.2821,0,276.663
2016-05-26,0.0797,19.6798,0,268.9315
2016-05-27,0.0789,20.8761,0,262.614
2016-05-28,0.0764,21.5776,0,259.0312
2016-05-29,0.0746,20.8071,0,262.9715
2016-05-30,0.0778,20.8669,0,262.662
2016-05-31,0.0781,21.8412,0,257.7069
2016-06-01,0.0744,22.3946,0,254.9661
2016-06-02,0.0686,22.6774,0,253.585
2016-06-03,0.0641,22.7041,0,253.4554
2016-06-04,0.0604,22.9097,0,252.4604
2016-06-05,0.0655,22.8436,0,252.7792
2016-06-06,0.0608,22.2816,0,255.5217
2016-06-07,0.0538,21.7479,0,258.1744
2016-06-08,0.0475,19.9371,0,267.5502
2016-06-09,0.0441,19.6555,0,269.0625
2016-06-10,0.0426,20.4058,0,265.066
2016-06-11,0.0423,21.6308,0,258.7632
2016-06-12,0.041,22.2513,0,255.6707
2016-06-13,0.0376,20.6176,0,263.9569
2016-06-14,0.0351,20.9007,0,262.487
2016-06-15,0.0423,21.3989,0,259.9357
2016-06-16,0.0592,22.4074,0,254.903
2016-06-17,0.0718,22.0341,0,256.7457
2016-06-18,0.0617,21.5642,0,259.099
2016-06-19,0.0514,21.373,0,260.0671
2016-06-20,0.0471,22.0354,0,256.7396
2016-06-21,0.0466,22.691,0,253.5187
2016-06-22,0.0451,22.1401,0,256.2204
2016-06-23,0.0567,21.639,0,258.7216
2016-06-24,0.079,21.7214,0,258.3074
2016-06-25,0.0713,22.134,0,256.2503
2016-06-26,0.0643,22.4497,0,254.6961
2016-06-27,0.0588,22.7982,0,252.999
2016-06-28,0.0551,23.1354,0,251.3761
2016-06-29,0.0477,22.8005,0,252.9877
2016-06-30,0.0452,22.241,0,255.7217
2016-07-01,0.0437,22.9855,0,252.0955
2016-07-02,0.0451,23.0648,0,251.7142
2016-07-03,0.0597,22.3108,0,255.3776
2016-07-04,0.0609,21.8302,0,257.7624
2016-07-05,0.0691,22.5953,0,253.9845
2016-07-06,0.0593,23.238,0,250.8857
2016-07-07,0.0515,23.2465,0,250.8452
2016-07-08,0.0512,22.8238,0,252.8753
2016-07-09,0.0499,22.9566,0,252.2342
2016-07-10,0.0446,22.8457,0,252.7694
2016-07-11,0.042,23.0805,0,251.639
2016-07-12,0.0535,23.427,0,249.9873
2016-07-13,0.0559,23.5585,0,249.3656
2016-07-14,0.0491,24.0268,0,247.1724
2016-07-15,0.0449,24.1681,0,246.5171
2016-07-16,0.043,23.9411,0,247.5711
2016-07-17,0.0411,24.1348,0,246.6716
2016-07-18,0.0401,24.8716,0,243.3002
2016-07-19,0.037,24.641,0,244.3466
2016-07-20,0.0337,24.2403,0,246.1836
2016-07-21,0.0295,24.1845,0,246.4415
2016-07-22,0.0271,24.6363,0,244.3681
2016-07-23,0.0258,24.9166,0,243.0969
2016-07-24,0.0245,25.2974,0,241.3885
2016-07-25,0.0251,25.268,0,241.5198
2016-07-26,0.0268,25.5672,0,240.1906
2016-07-27,0.0296,25.4028,0,240.9191
2016-07-28,0.0338,25.3591,0,241.1138
2016-07-29,0.04,25.0049,0,242.6988
2016-07-30,0.0376,25.4787,0,240.5821
2016-07-31,0.0407,25.2967,0,241.3914
2016-08-01,0.0391,25.2309,0,241.6852
2016-08-02,0.0358,25.2464,0,241.616
2016-08-03,0.0372,24.3258,0,245.7899
2016-08-04,0.0402,23.1733,0,251.1946
2016-08-05,0.0424,23.3716,0,250.2501
2016-08-06,0.044,24.0886,0,246.8854
2016-08-07,0.04,24.0037,0,247.2798
2016-08-08,0.0403,22.9675,0,252.182
2016-08-09,0.0396,22.5625,0,254.1445
2016-08-10,0.0446,23.3303,0,250.4461
2016-08-11,0.0404,24.1633,0,246.5394
2016-08-12,0.0376,24.9283,0,243.0444
2016-08-13,0.0354,25.3509,0,241.1501
2016-08-14,0.0327,25.266,0,241.5287
2016-08-15,0.0316,24.7143,0,244.0131
2016-08-16,0.0326,24.7883,0,243.6776
2016-08-17,0.0316,24.6491,0,244.3098
2016-08-18,0.0278,24.1445,0,246.6267
2016-08-19,0.0257,23.7914,0,248.2707
2016-08-20,0.0246,23.8199,0,248.1369
2016-08-21,0.025,23.6781,0,248.8019
2016-08-22,0.0224,22.086,0,256.4883
2016-08-23,0.0203,21.7202,0,258.3136
2016-08-24,0.0192,22.3299,0,255.2839
2016-08-25,0.0194,23.333,0,250.4333
2016-08-26,0.0188,24.0793,0,246.9288
2016-08-27,0.0179,24.2686,0,246.0531
2016-08-28,0.0166,23.5425,0,249.4407
2016-08-29,0.0149,23.2174,0,250.9842
2016-08-30,0.0141,23.4487,0,249.8845
2016-08-31,0.0143,23.4166,0,250.0366
2016-09-01,0.0185,22.5946,0,253.9878
2016-09-02,0.0156,21.0841,0,261.5428
2016-09-03,0.0141,20.3441,0,265.3906
2016-09-04,0.0132,20.511,0,264.514
2016-09-05,0.0122,20.7147,0,263.4508
2016-09-06,0.0116,21.3053,0,260.4117
2016-09-07,0.0105,22.0447,0,256.6933
2016-09-08,0.01,22.3189,0,255.3378
2016-09-09,0.0093,22.5028,0,254.4358
2016-09-10,0.0086,22.6858,0,253.544
2016-09-11,0.0078,21.6367,0,258.7335
2016-09-12,0.0061,20.0347,0,267.0294
2016-09-13,0.0055,21.1206,0,261.3555
2016-09-14,0.0057,21.4601,0,259.6256
2016-09-15,0.0045,20.4404,0,264.8843
2016-09-16,0.0039,19.6703,0,268.9825
2016-09-17,0.0038,19.9498,0,267.4824
2016-09-18,0.0038,20.1828,0,266.2425
2016-09-19,0.0427,21.2855,0,260.5124
2016-09-20,0.0321,21.9492,0,257.1683
2016-09-21,0.0279,21.7315,0,258.2567
2016-09-22,0.0233,21.4167,0,259.8452
2016-09-23,0.0209,21.3944,0,259.9587
2016-09-24,0.0195,21.7558,0,258.1351
2016-09-25,0.0175,20.9361,0,262.3045
2016-09-26,0.0194,20.0713,0,266.8347
2016-09-27,0.0306,20.7095,0,263.4783
2016-09-28,0.037,20.5207,0,264.4631
2016-09-29,0.0997,20.0653,0,266.8664
2016-09-30,0.1379,19.1701,0,271.706
2016-10-01,0.0862,19.7416,0,268.5983
2016-10-02,0.0836,20.0516,0,266.9395
2016-10-03,0.0776,19.9142,0,267.6725
2016-10-04,0.0771,19.8647,0,267.9375
2016-10-05,0.0758,19.3224,0,270.8717
2016-10-06,0.0753,18.9986,0,272.6506
2016-10-07,0.0988,18.7645,0,273.9503
2016-10-08,0.1416,17.9049,0,278.8175
2016-10-09,0.0977,16.8443,0,285.0403
2016-10-10,0.0853,16.3226,0,288.1927
2016-10-11,0.0816,16.0081,0,290.1238
2016-10-12,0.0799,16.0448,0,289.8975
2016-10-13,0.0802,16.3835,0,287.8216
2016-10-14,0.0778,15.7965,0,291.4359
2016-10-15,0.0748,16.5177,0,287.0065
2016-10-16,0.0739,16.9308,0,284.5238
2016-10-17,0.0751,17.6217,0,280.4553
2016-10-18,0.0768,17.9952,0,278.2993
2016-10-19,0.0783,18.4143,0,275.9145
2016-10-20,0.0746,19.2489,0,271.2736
2016-10-21,0.075,17.9036,0,278.825
2016-10-22,0.0749,14.9543,0,296.7655
2016-10-23,0.0746,15.0855,0,295.9236
2016-10-24,0.0761,15.2203,0,295.0631
2016-10-25,0.0729,14.5605,0,299.3168
2016-10-26,0.0717,14.0871,0,302.4373
2016-10-27,0.0728,14.5343,0,299.4881
2016-10-28,0.0731,14.6516,0,298.7234
2016-10-29,0.073,15.0099,0,296.4083
2016-10-30,0.0728,15.3001,0,294.5559
2016-10-31,0.0719,15.2367,0,294.9592
2016-11-01,0.0721,15.4806,0,293.4147
2016-11-02,0.0723,15.7245,0,291.8847
2016-11-03,0.0717,15.7066,0,291.9968
2016-11-04,0.0739,14.9527,0,296.7755
2016-11-05,0.0719,14.2172,0,301.5742
2016-11-06,0.0727,14.0437,0,302.7259
2016-11-07,0.0731,13.7853,0,304.4565
2016-11-08,0.0764,13.7332,0,304.8075
2016-11-09,0.0733,13.143,0,308.8355
2016-11-10,0.075,12.4845,0,313.4421
2016-11-11,0.0716,12.4783,0,313.4861
2016-11-12,0.0682,11.3519,0,321.6575
2016-11-13,0.0667,11.1263,0,323.3391
2016-11-14,0.0658,11.0468,0,323.9353
2016-11-15,0.0543,11.0662,0,323.79
2016-11-16,0.0477,11.2542,0,322.3841
2016-11-17,0.0433,11.5089,0,320.4955
2016-11-18,0.0418,11.9798,0,317.0564
2016-11-19,0.037,10.3882,0,328.9523
2016-11-20,0.0407,7.8694,0,349.4588
2016-11-21,0.033,7.1961,0,355.3214
2016-11-22,0.0298,7.4335,0,353.2348
2016-11-23,0.0289,8.5077,0,344.0542
2016-11-24,0.028,9.582,0,335.2819
2016-11-25,0.0278,10.1033,0,331.1649
2016-11-26,0.0259,7.9059,0,349.1461
2016-11-27,0.025,7.5107,0,352.5604
2016-11-28,0.0243,8.1927,0,346.7034
2016-11-29,0.0393,10.0588,0,331.5122
2016-11-30,0.0419,9.2407,0,338.0259
2016-12-01,0.0446,8.4225,0,344.767
2016-12-02,0.0414,7.8564,0,349.5707
2016-12-03,0.0412,7.2157,0,355.1479
2016-12-04,0.0394,7.5274,0,352.4157
2016-12-05,0.0377,7.839,0,349.7198
2016-12-06,0.0488,7.6188,0,351.621
2016-12-07,0.06,7.3986,0,353.5401
2016-12-08,0.0489,5.9923,0,366.2363
2016-12-09,0.0378,4.5859,0,379.7357
2016-12-10,0.0284,4.085,0,384.7503
2016-12-11,0.0242,4.3145,0,382.4391
2016-12-12,0.0195,7.2791,0,354.5893
2016-12-13,0.0226,6.63,0,360.3831
2016-12-14,0.0168,5.5475,0,370.4159
2016-12-15,0.0106,2.0417,0,406.4105
2016-12-16,0.0106,0.9925,0,418.3372
2016-12-17,0.005,5.0068,0,375.6082
2016-12-18,0.004,4.8793,0,376.8501
2016-12-19,0.0031,4.7519,0,378.099
2016-12-20,0.003,2.6352,0,399.9123
2016-12-21,9.00E-04,3.8091,0,387.5606
2016-12-22,9.00E-04,4.9789,0,375.8791
2016-12-23,9.00E-04,4.2979,0,382.6053
2016-12-24,9.00E-04,5.5696,0,370.2064
2016-12-25,9.00E-04,6.8413,0,358.4795
2016-12-26,9.00E-04,8.1129,0,347.3795
2016-12-27,9.00E-04,9.3846,0,336.8639
2016-12-28,9.00E-04,5.8869,0,367.2195
2016-12-29,9.00E-04,6.3058,0,363.3387
2016-12-30,9.00E-04,3.5587,0,390.1409
2016-12-31,9.00E-04,2.8264,0,397.8562
2017-01-01,0.0011,6.0089,0,366.0817
2017-01-02,0.0014,6.2508,0,363.8444
2017-01-03,0.0017,6.4926,0,361.6304
2017-01-04,0.002,6.7345,0,359.4396
2017-01-05,0.0016,4.13,0,384.2953
2017-01-06,0.0013,2.695,0,399.2672
2017-01-07,9.00E-04,1.26,0,415.2419
2017-01-08,0.0051,0.2764,0,426.8131
2017-01-09,0.0068,0.2706,0,426.8825
2017-01-10,5.00E-04,0.5,0,424.1365
2017-01-11,0.0018,3.585,0,389.8684
2017-01-12,0.0015,6.931,0,357.6766
2017-01-13,0.0022,8.6697,0,342.7058
2017-01-14,0.0029,7,0,357.0606
2017-01-15,0.0027,7.2754,0,354.6218
2017-01-16,0.0026,7.5508,0,352.2117
2017-01-17,0.0025,7.8262,0,349.8298
2017-01-18,0.0023,8.1016,0,347.4758
2017-01-19,0.0022,7.1754,0,355.5038
2017-01-20,0.0021,8.0086,0,348.2673
2017-01-21,0.0019,7.9914,0,348.4142
2017-01-22,0.0094,7.9068,0,349.1379
2017-01-23,0.0169,7.8222,0,349.8642
2017-01-24,0.0244,7.7376,0,350.5931
2017-01-25,0.0233,7.7394,0,350.5773
2017-01-26,0.0189,7.4863,0,352.7737
2017-01-27,0.0196,5.5629,0,370.2702
2017-01-28,0.0175,5.193,0,373.8063
2017-01-29,0.0177,5.4471,0,371.3703
2017-01-30,0.0144,4.0586,0,385.018
2017-01-31,0.0122,5.5664,0,370.237
2017-02-01,0.0121,5.683,0,369.1341
2017-02-02,0.0095,5.8238,0,367.8096
2017-02-03,0.0123,4.2856,0,382.7293
2017-02-04,0.0067,2.5885,0,400.4169
2017-02-05,0.0044,5.23,0,373.4497
2017-02-06,0.0034,6.4016,0,362.4612
2017-02-07,0.003,8.4912,0,344.1926
2017-02-08,0.0027,9.2107,0,338.2693
2017-02-09,0.003,5.4652,0,371.1986
2017-02-10,0.0015,3.63,0,389.4031
2017-02-11,8.00E-04,7.97,0,348.5972
2017-02-12,0.001,10.7388,0,326.2647
2017-02-13,8.00E-04,6.0036,0,366.1306
2017-02-14,3.00E-04,4.9629,0,376.0353
2017-02-15,3.00E-04,6.0511,0,365.6894
2017-02-16,4.00E-04,4.1867,0,383.723
2017-02-17,5.00E-04,6.6063,0,360.598
2017-02-18,6.00E-04,7.2286,0,355.034
2017-02-19,7.00E-04,9.6885,0,334.4329
2017-02-20,8.00E-04,8.5971,0,343.3091
2017-02-21,9.00E-04,9.2639,0,337.8382
2017-02-22,0.001,8.0212,0,348.1604
2017-02-23,0.001,11.592,0,319.8841
2017-02-24,0.0011,11.463,0,320.8345
2017-02-25,0.0012,10.6014,0,327.3136
2017-02-26,0.0013,6.9607,0,357.4114
2017-02-27,0.0014,6.1916,0,364.3896
2017-02-28,0.0015,9.5384,0,335.63
2017-03-01,0.0016,10.4948,0,328.1306
2017-03-02,0.0017,7.8755,0,349.4065
2017-03-03,0.0018,5.6307,0,369.6282
2017-03-04,0.0018,5.3198,0,372.587
2017-03-05,0.0019,5.1403,0,374.3147
2017-03-06,0.002,6.3224,0,363.1863
2017-03-07,0.0021,8.9375,0,340.4973
2017-03-08,0.0022,9.5688,0,335.387
2017-03-09,0.0023,8.896,0,340.8374
2017-03-10,0.0024,8.0492,0,347.9219
2017-03-11,0.0025,4.7207,0,378.4053
2017-03-12,0.0026,4.8957,0,376.6906
2017-03-13,0.0026,4.3191,0,382.3934
2017-03-14,0.0027,3.8478,0,387.164
2017-03-15,0.0028,1.0505,0,417.6626
2017-03-16,0.0029,1.9073,0,407.9069
2017-03-17,0.003,3.0961,0,394.9843
2017-03-18,0.0031,6.3164,0,363.2416
2017-03-19,0.0032,6.4591,0,361.9362
2017-03-20,0.0033,6.7303,0,359.4771
2017-03-21,0.0034,9.8971,0,332.7826
2017-03-22,0.0034,8.6351,0,342.9932
2017-03-23,0.0035,6.2956,0,363.4323
2017-03-24,0.0036,8.0731,0,347.7179
2017-03-25,0.0037,10.8124,0,325.7055
2017-03-26,0.0038,11.0494,0,323.9163
2017-03-27,0.0039,13.3785,0,307.2167
2017-03-28,0.004,13.5911,0,305.7685
2017-03-29,0.0041,13.5242,0,306.2235
2017-03-30,0.0041,11.48,0,320.7091
2017-03-31,0.0042,11.5948,0,319.8636
2017-04-01,0.0043,11.7894,0,318.4395
2017-04-02,0.0043,10.9908,0,324.3566
2017-04-03,0.0042,10.5602,0,327.6287
2017-04-04,0.0042,13.492,0,306.4425
2017-04-05,0.0035,12.7772,0,311.3797
2017-04-06,0.0029,12.3978,0,314.0579
2017-04-07,0.0023,8.1065,0,347.4345
2017-04-08,0.0024,9.4013,0,336.7301
2017-04-09,0.0026,10.8352,0,325.5325
2017-04-10,0.0027,12.3602,0,314.3256
2017-04-11,0.0029,14.3184,0,300.9053
2017-04-12,0.003,15.1284,0,295.6491
2017-04-13,0.0032,14.6246,0,298.8992
2017-04-14,0.0033,15.2681,0,294.7592
2017-04-15,0.0035,15.5109,0,293.2237
2017-04-16,0.0036,16.0701,0,289.7414
2017-04-17,0.0038,15.3739,0,294.0888
2017-04-18,0.0039,15.1963,0,295.2165
2017-04-19,0.0041,12.817,0,311.1012
2017-04-20,0.0042,15.0448,0,296.1843
2017-04-21,0.0044,16.5691,0,286.6959
2017-04-22,0.0045,15.2105,0,295.1256
2017-04-23,0.0047,11.918,0,317.504
2017-04-24,0.0391,11.2898,0,322.1188
2017-04-25,0.0604,12.1893,0,315.5476
2017-04-26,0.0445,14.5347,0,299.4858
2017-04-27,0.044,15.7507,0,291.7212
2017-04-28,0.0447,17.033,0,283.9151
2017-04-29,0.0418,18.8517,0,273.465
2017-04-30,0.0379,19.5683,0,269.5339
2017-05-01,0.0351,19.1206,0,271.9778
2017-05-02,0.0357,17.2605,0,282.569
2017-05-03,0.0269,16.1802,0,289.0644
2017-05-04,0.0199,14.9428,0,296.8391
2017-05-05,0.1489,15.5587,0,292.923
2017-05-06,0.0983,14.8434,0,297.4797
2017-05-07,0.0879,14.4551,0,300.0068
2017-05-08,0.0829,14.3539,0,300.672
2017-05-09,0.0784,14.2315,0,301.4796
2017-05-10,0.0776,15.9309,0,290.6011
2017-05-11,0.0755,17.4142,0,281.6662
2017-05-12,0.0753,15.3076,0,294.5085
2017-05-13,0.0795,15.1888,0,295.2643
2017-05-14,0.0739,16.0624,0,289.7889
2017-05-15,0.0696,17.0705,0,283.6924
2017-05-16,0.0565,17.4343,0,281.5487
2017-05-17,0.0491,19.2659,0,271.1802
2017-05-18,0.0406,20.1608,0,266.3591
2017-05-19,0.0361,20.5692,0,264.2097
2017-05-20,0.0323,20.3436,0,265.393
2017-05-21,0.026,18.3179,0,276.4599
2017-05-22,0.0287,18.2266,0,276.9783
2017-05-23,0.031,17.1278,0,283.353
2017-05-24,0.0653,16.5142,0,287.0282
2017-05-25,0.1192,16.2931,0,288.373
2017-05-26,0.0942,17.3466,0,282.0629
2017-05-27,0.0846,18.6727,0,274.4627
2017-05-28,0.0798,19.8097,0,268.2325
2017-05-29,0.08,20.0284,0,267.0627
2017-05-30,0.0749,20.4683,0,264.7376
2017-05-31,0.0689,20.2573,0,265.8486
2017-06-01,0.0613,20.2418,0,265.9306
2017-06-02,0.0516,19.9795,0,267.3238
2017-06-03,0.042,19.9555,0,267.4517
2017-06-04,0.0347,20.4443,0,264.8639
2017-06-05,0.042,20.2025,0,266.1384
2017-06-06,0.0412,19.749,0,268.5589
2017-06-07,0.0333,18.4817,0,275.5349
2017-06-08,0.0268,17.7302,0,279.8259
2017-06-09,0.0263,18.1018,0,277.6894
2017-06-10,0.0238,19.1185,0,271.9892
2017-06-11,0.0209,20.183,0,266.2415
2017-06-12,0.0185,20.7081,0,263.4853
2017-06-13,0.0211,20.8694,0,262.649
2017-06-14,0.0206,20.8963,0,262.5098
2017-06-15,0.0191,21.0337,0,261.8017
2017-06-16,0.0191,20.9334,0,262.3181
2017-06-17,0.0313,20.7458,0,263.2893
2017-06-18,0.0422,22.2267,0,255.7924
2017-06-19,0.0417,22.1407,0,256.2171
2017-06-20,0.043,21.8446,0,257.6903
2017-06-21,0.0357,22.3085,0,255.389
2017-06-22,0.0219,21.9246,0,257.2908
2017-06-23,0.014,21.6977,0,258.4264
2017-06-24,0.0144,20.8586,0,262.7045
2017-06-25,0.0058,19.0051,0,272.6148
2017-06-26,0.0054,17.2531,0,282.6126
2017-06-27,0.005,16.7651,0,285.515
2017-06-28,0.0046,16.384,0,287.819
2017-06-29,0.0043,17.5159,0,281.0714
2017-06-30,0.0039,18.3103,0,276.503
2017-07-01,0.0035,19.1731,0,271.6894
2017-07-02,0.0031,19.2891,0,271.0537
2017-07-03,0.0027,19.0236,0,272.5127
2017-07-04,0.0024,19.0997,0,272.093
2017-07-05,0.002,18.6661,0,274.4994
2017-07-06,0.0016,18.7589,0,273.9816
2017-07-07,0.0012,19.3706,0,270.6082
2017-07-08,0.0013,19.2664,0,271.178
2017-07-09,0.0014,18.76,0,273.9752
2017-07-10,0.0015,19.0979,0,272.103
2017-07-11,0.0016,19.4264,0,270.3043
2017-07-12,0.0017,19.9511,0,267.4753
2017-07-13,0.0018,20.2805,0,265.7259
2017-07-14,0.0019,20.5984,0,264.0573
2017-07-15,0.002,20.4188,0,264.9977
2017-07-16,0.0021,19.5449,0,269.6608
2017-07-17,0.0022,19.5017,0,269.8953
2017-07-18,0.0023,19.5088,0,269.8565
2017-07-19,0.0024,19.6598,0,269.0394
2017-07-20,0.0025,20.3962,0,265.1162
2017-07-21,0.0026,20.5884,0,264.1094
2017-07-22,0.0027,21.1365,0,261.2739
2017-07-23,0.0028,21.4417,0,259.7185
2017-07-24,0.0029,20.8173,0,262.9184
2017-07-25,0.0029,20.5792,0,264.1575
2017-07-26,0.0029,19.4643,0,270.0982
2017-07-27,0.0029,19.6721,0,268.9731
2017-07-28,0.0029,19.5469,0,269.6501
2017-07-29,0.0029,18.8023,0,273.7396
2017-07-30,0.003,17.6269,0,280.4253
2017-07-31,0.003,17.8369,0,279.2091
2017-08-01,0.003,18.7372,0,274.1025
2017-08-02,0.003,18.6746,0,274.4522
2017-08-03,0.003,19.0409,0,272.4169
2017-08-04,0.003,19.3365,0,270.7943
2017-08-05,0.003,18.5248,0,275.2922
2017-08-06,0.003,17.4691,0,281.3452
2017-08-07,0.003,18.758,0,273.9863
2017-08-08,0.003,18.8635,0,273.3991
2017-08-09,0.0031,18.2448,0,276.8747
2017-08-10,0.0031,17.7444,0,279.7439
2017-08-11,0.0031,18.4056,0,275.9637
2017-08-12,0.0031,19.111,0,272.0305
2017-08-13,0.0031,19.5067,0,269.868
2017-08-14,0.0031,19.0692,0,272.2612
2017-08-15,0.0031,19.4585,0,270.1296
2017-08-16,0.0031,19.9829,0,267.3057
2017-08-17,0.0031,20.4238,0,264.9716
2017-08-18,0.0031,21.0563,0,261.6856
2017-08-19,0.0032,20.5042,0,264.5496
2017-08-20,0.0032,20.2244,0,266.0224
2017-08-21,0.0032,20.6219,0,263.9343
2017-08-22,0.0032,20.911,0,262.4338
2017-08-23,0.0032,20.7482,0,263.277
2017-08-24,0.0032,18.8126,0,273.6822
2017-08-25,0.0032,17.6944,0,280.0336
2017-08-26,0.0032,17.9186,0,278.7388
2017-08-27,0.0032,18.0166,0,278.1767
2017-08-28,0.0032,17.0603,0,283.7528
2017-08-29,0.0032,16.6029,0,286.4913
2017-08-30,0.0033,17.179,0,283.0503
2017-08-31,0.0033,17.8504,0,279.1315
2017-09-01,0.0033,16.692,0,285.9544
2017-09-02,0.0033,14.7228,0,298.2606
2017-09-03,0.0033,15.8683,0,290.9896
2017-09-04,0.0033,16.7656,0,285.512
2017-09-05,0.0033,17.7755,0,279.5638
2017-09-06,0.0033,16.3116,0,288.2604
2017-09-07,0.0033,14.2051,0,301.654
2017-09-08,0.0033,13.9286,0,303.4945
2017-09-09,0.0034,14.3455,0,300.7268
2017-09-10,0.0034,13.6209,0,305.5666
2017-09-11,0.0034,13.6621,0,305.2881
2017-09-12,0.0034,14.4756,0,299.8723
2017-09-13,0.0034,16.3978,0,287.7347
2017-09-14,0.0034,16.5092,0,287.0585
2017-09-15,0.0034,16.4006,0,287.7176
2017-09-16,0.0034,16.9205,0,284.5849
2017-09-17,0.0034,17.398,0,281.761
2017-09-18,0.0034,17.7366,0,279.7891
2017-09-19,0.0035,17.8246,0,279.2805
2017-09-20,0.0035,18.1839,0,277.2213
2017-09-21,0.0035,18.1351,0,277.4993
2017-09-22,0.0035,19.1847,0,271.6254
2017-09-23,0.0035,18.407,0,275.9561
2017-09-24,0.0035,18.0107,0,278.2102
2017-09-25,0.0035,18.4339,0,275.8042
2017-09-26,0.0035,18.8769,0,273.3248
2017-09-27,0.0035,19.0626,0,272.2974
2017-09-28,0.0035,19.1204,0,271.9789
2017-09-29,0.0036,16.9175,0,284.6029
2017-09-30,0.0036,15.2891,0,294.6262
2017-10-01,0.0036,12.9262,0,310.3385
2017-10-02,0.0036,12.8916,0,310.5802
2017-10-03,0.0036,13.6857,0,305.1282
2017-10-04,0.0036,14.114,0,302.2586
2017-10-05,0.0036,15.1214,0,295.6942
2017-10-06,0.0036,15.9504,0,290.4804
2017-10-07,0.0036,16.3248,0,288.1797
2017-10-08,0.0036,17.6561,0,280.2553
2017-10-09,0.0036,19.3393,0,270.7793
2017-10-10,0.0037,19.2574,0,271.227
2017-10-11,0.0037,19.5654,0,269.5496
2017-10-12,0.0037,18.4558,0,275.6804
2017-10-13,0.0037,16.3458,0,288.0515
2017-10-14,0.0037,17.2324,0,282.7348
2017-10-15,0.0037,16.326,0,288.1723
2017-10-16,0.0037,16.0353,0,289.956
2017-10-17,0.0037,15.7446,0,291.7596
2017-10-18,0.0037,15.4539,0,293.5833
2017-10-19,0.0037,15.1631,0,295.4275
2017-10-20,0.0038,14.8724,0,297.2925
2017-10-21,0.0038,14.5817,0,299.1786
2017-10-22,0.0038,14.291,0,301.0862
2017-10-23,0.0038,14.0003,0,303.0156
2017-10-24,0.0038,13.7096,0,304.9671
2017-10-25,0.0038,13.4189,0,306.9411
2017-10-26,0.0038,13.1282,0,308.938
2017-10-27,0.0038,12.8374,0,310.9581
2017-10-28,0.0038,12.5467,0,313.0018
2017-10-29,0.0038,12.256,0,315.0695
2017-10-30,0.0039,11.9653,0,317.1615
2017-10-31,0.0039,11.6746,0,319.2783
2017-11-01,0.0039,11.3839,0,321.4201
2017-11-02,0.0039,11.0932,0,323.5876
2017-11-03,0.0039,10.8024,0,325.781
2017-11-04,0.0039,10.5117,0,328.0007
2017-11-05,0.0039,10.221,0,330.2472
2017-11-06,0.0039,9.9303,0,332.521
2017-11-07,0.0039,9.6396,0,334.8223
2017-11-08,0.0039,9.3489,0,337.1518
2017-11-09,0.004,9.0582,0,339.5098
2017-11-10,0.004,8.7675,0,341.8968
2017-11-11,0.004,8.4767,0,344.3133
2017-11-12,0.004,8.186,0,346.7597
2017-11-13,0.004,7.8953,0,349.2365
2017-11-14,0.0034,7.2951,0,354.4483
2017-11-15,0.0033,7.3375,0,354.0763
2017-11-16,0.0033,7.549,0,352.2277
2017-11-17,0.0029,6.1892,0,364.4118
2017-11-18,0.0029,7.4035,0,353.4969
2017-11-19,0.0037,7.6882,0,351.0196
2017-11-20,0.0029,5.2898,0,372.8751
2017-11-21,0.0031,5.9479,0,366.6495
2017-11-22,0.0042,7.0029,0,357.0347
2017-11-23,0.0042,4.6227,0,379.372
2017-11-24,0.0036,4.852,0,377.1175
2017-11-25,0.0033,6.1401,0,364.865
2017-11-26,0.0034,6.0947,0,365.2853
2017-11-27,0.0032,5.627,0,369.663
2017-11-28,0.0031,5.8891,0,367.199
2017-11-29,0.0029,6.4783,0,361.7605
2017-11-30,0.0024,7.0443,0,356.6666
2017-12-01,0.0027,7.1235,0,355.963
2017-12-02,0.0017,6.4228,0,362.267
2017-12-03,0.0018,6.633,0,360.3558
2017-12-04,0.0015,6.3557,0,362.8806
2017-12-05,0.0013,7.4673,0,352.9395
2017-12-06,0.0014,6.6905,0,359.8365
2017-12-07,9.00E-04,5.5908,0,370.0055
2017-12-08,0.0012,4.314,0,382.4445
2017-12-09,0.0013,3.928,0,386.3451
2017-12-10,7.00E-04,2.7184,0,399.0156
2017-12-11,6.00E-04,2.9494,0,396.542
2017-12-12,0.0012,3.3013,0,392.8234
2017-12-13,0.002,0.8573,0,419.9163
2017-12-14,0.001,2.5328,0,401.0215
2017-12-15,0.001,2.1054,0,405.7043
2017-12-16,7.00E-04,2.138,0,405.3448
2017-12-17,8.00E-04,3.2298,0,393.5744
2017-12-18,0.0015,5.2755,0,373.0124
2017-12-19,0.0019,5.9545,0,366.5878
2017-12-20,0.0011,6.7396,0,359.393
2017-12-21,0.0011,4.7987,0,377.6394
2017-12-22,0.0011,5.6178,0,369.7497
2017-12-23,0.0018,7.8645,0,349.501
2017-12-24,0.0011,6.0382,0,365.8091
2017-12-25,0.001,2.4845,0,401.5459
2017-12-26,8.00E-04,1.6299,0,411.0237
2017-12-27,0.001,1.5084,0,412.4016
2017-12-28,0.0012,0.2771,0,426.8052
2017-12-29,0.001,0.2604,0,427.0063
2017-12-30,8.00E-04,0.2555,0,427.0646
2017-12-31,0.0033,0.2138,0,427.5681
2018-01-01,0.0095,0.1809,0,427.9644
2018-01-02,0.0058,0.1724,0,428.0677
2018-01-03,0.002,0.1052,0,428.8813
2018-01-04,0.0094,-0.0682,0,430.9933
2018-01-05,0.0168,-0.3025,0,433.8732
2018-01-06,0.0089,-1.0428,0,443.183
2018-01-07,0.0098,-1.2658,0,446.0513
2018-01-08,0.0032,-0.4297,0,435.4499
2018-01-09,0.0014,0.2212,0,427.4777
2018-01-10,3.00E-04,0.2685,0,426.9078
2018-01-11,6.00E-04,0.2594,0,427.0181
2018-01-12,0.0047,2.6067,0,400.2208
2018-01-13,0.0053,2.0327,0,406.5105
2018-01-14,0.0023,0.2303,0,427.3683
2018-01-15,0.0043,0.2368,0,427.2896
2018-01-16,0.0038,0.2464,0,427.175
2018-01-17,0.0034,0.2081,0,427.636
2018-01-18,0.003,0.2212,0,427.4777
2018-01-19,0.0029,0.2462,0,427.1762
2018-01-20,0.0028,0.435,0,424.9118
2018-01-21,0.0026,2.691,0,399.3099
2018-01-22,0.0025,4.6719,0,378.8866
2018-01-23,0.0023,5.8927,0,367.1649
2018-01-24,0.0022,3.6049,0,389.6625
2018-01-25,0.0021,2.1764,0,404.921
2018-01-26,0.0019,2.1473,0,405.2417
2018-01-27,0.0018,3.3941,0,391.8532
2018-01-28,0.0016,5.6485,0,369.4592
2018-01-29,0.0015,5.1495,0,374.2258
2018-01-30,0.0016,2.0078,0,406.7871
2018-01-31,0.0017,0.9441,0,418.9018
2018-02-01,0.0017,2.4587,0,401.8261
2018-02-02,0.0018,1.7499,0,409.6706
2018-02-03,0.0019,0.3057,0,426.4605
2018-02-04,0.002,0.5597,0,423.4266
2018-02-05,0.002,1.6744,0,410.5213
2018-02-06,6.00E-04,2.1591,0,405.1118
2018-02-07,0.0088,2.9131,0,396.9288
2018-02-08,0.0045,2.6871,0,399.3525
2018-02-09,0.0012,2.7457,0,398.7213
2018-02-10,0.0039,4.1137,0,384.4595
2018-02-11,0.0244,7.1514,0,355.7167
2018-02-12,0.0079,7.6641,0,351.2287
2018-02-13,0.0047,5.6416,0,369.5252
2018-02-14,0.0014,5.8762,0,367.3188
2018-02-15,8.00E-04,9.1304,0,338.9211
2018-02-16,5.00E-04,9.9151,0,332.6406
2018-02-17,5.00E-04,6.272,0,363.6491
2018-02-18,6.00E-04,6.0506,0,365.694
2018-02-19,6.00E-04,6.5546,0,361.0666
2018-02-20,7.00E-04,9.096,0,339.201
2018-02-21,7.00E-04,10.9044,0,325.0089
2018-02-22,8.00E-04,12.7169,0,311.8028
2018-02-23,0.0011,10.8165,0,325.6746
2018-02-24,0.0019,11.1411,0,323.228
2018-02-25,0.0027,11.8334,0,318.1185
2018-02-26,0.0031,9.9539,0,332.3358
2018-02-27,0.0029,7.8217,0,349.8688
2018-02-28,0.0029,8.1428,0,347.1259
2018-03-01,0.0056,9.2743,0,337.7542
2018-03-02,0.0071,6.7789,0,359.0401
2018-03-03,0.0057,5.2123,0,373.6201
2018-03-04,0.0047,5.6586,0,369.3638
2018-03-05,0.0041,5.7673,0,368.3403
2018-03-06,0.0043,4.9697,0,375.9688
2018-03-07,0.0044,5.4223,0,371.6072
2018-03-08,0.0043,4.3035,0,382.5489
2018-03-09,0.0041,3.6685,0,389.0053
2018-03-10,0.0036,4.577,0,379.8244
2018-03-11,0.0035,5.5891,0,370.0219
2018-03-12,0.0056,3.7149,0,388.5277
2018-03-13,0.0074,3.9694,0,385.9238
2018-03-14,0.0089,3.1249,0,394.6803
2018-03-15,0.009,4.2656,0,382.9293
2018-03-16,0.0093,5.5354,0,370.5306
2018-03-17,0.0089,6.1315,0,364.945
2018-03-18,0.0156,8.1904,0,346.7225
2018-03-19,0.0112,8.641,0,342.944
2018-03-20,0.0258,7.2188,0,355.1211
2018-03-21,0.0273,5.2289,0,373.4607
2018-03-22,0.0257,5.4051,0,371.7713
2018-03-23,0.0242,5.7069,0,368.9089
2018-03-24,0.0246,4.7389,0,378.227
2018-03-25,0.0263,5.7117,0,368.8637
2018-03-26,0.0246,6.1061,0,365.1792
2018-03-27,0.0258,5.6503,0,369.4425
2018-03-28,0.0261,7.7721,0,350.2957
2018-03-29,0.0251,10.1432,0,330.853
2018-03-30,0.0264,10.6068,0,327.2721
2018-03-31,0.0234,8.9767,0,340.176
2018-04-01,0.0223,9.5019,0,335.9223
2018-04-02,0.0214,10.2411,0,330.0908
2018-04-03,0.0209,9.967,0,332.2326
2018-04-04,0.0207,10.7253,0,326.3673
2018-04-05,0.0195,8.5069,0,344.0614
2018-04-06,0.0184,9.5411,0,335.608
2018-04-07,0.0181,9.125,0,338.9652
2018-04-08,0.0172,8.2227,0,346.4493
2018-04-09,0.0161,7.444,0,353.1433
2018-04-10,0.0153,8.7718,0,341.8611
2018-04-11,0.014,9.6321,0,334.8822
2018-04-12,0.0132,11.1657,0,323.0441
2018-04-13,0.0125,12.982,0,309.9508
2018-04-14,0.0118,14.399,0,300.3753
2018-04-15,0.0205,14.4448,0,300.0744
2018-04-16,0.0441,12.2136,0,315.3728
2018-04-17,0.0357,10.5617,0,327.6175
2018-04-18,0.0301,12.4288,0,313.838
2018-04-19,0.0295,11.5876,0,319.9165
2018-04-20,0.0249,10.8227,0,325.6272
2018-04-21,0.0221,11.5033,0,320.5369
2018-04-22,0.0208,12.0704,0,316.4022
2018-04-23,0.0202,11.969,0,317.135
2018-04-24,0.046,11.3607,0,321.5918
2018-04-25,0.0852,12.1661,0,315.7135
2018-04-26,0.0838,13.0201,0,309.6861
2018-04-27,0.0807,14.0182,0,302.8959
2018-04-28,0.0769,14.4022,0,300.3541
2018-04-29,0.0714,13.03,0,309.6174
2018-04-30,0.0641,13.3093,0,307.6912
2018-05-01,0.0567,14.4236,0,300.2132
2018-05-02,0.0502,16.0705,0,289.7388
2018-05-03,0.0459,17.5535,0,280.8521
2018-05-04,0.0417,18.8568,0,273.4367
2018-05-05,0.0357,18.5923,0,274.9131
2018-05-06,0.0327,17.9849,0,278.3583
2018-05-07,0.0301,17.3202,0,282.2178
2018-05-08,0.0313,17.6078,0,280.5361
2018-05-09,0.0279,17.8228,0,279.2907
2018-05-10,0.0258,18.4222,0,275.8702
2018-05-11,0.0248,19.1846,0,271.6262
2018-05-12,0.0238,20.4144,0,265.0209
2018-05-13,0.0218,21.0675,0,261.628
2018-05-14,0.0203,21.5442,0,259.2
2018-05-15,0.0207,21.0005,0,261.9724
2018-05-16,0.0394,20.1577,0,266.3757
2018-05-17,0.0994,19.9583,0,267.4366
2018-05-18,0.1381,18.1505,0,277.4112
2018-05-19,0.1299,17.7242,0,279.8609
2018-05-20,0.0999,19.3894,0,270.506
2018-05-21,0.0914,20.8702,0,262.6447
2018-05-22,0.0928,21.2784,0,260.5486
2018-05-23,0.0926,21.5515,0,259.1631
2018-05-24,0.0879,22.0754,0,256.5407
2018-05-25,0.0861,22.4361,0,254.7623
2018-05-26,0.0866,22.4927,0,254.4854
2018-05-27,0.0921,22.4193,0,254.845
2018-05-28,0.0959,22.026,0,256.7858
2018-05-29,0.0908,21.9347,0,257.2404
2018-05-30,0.0894,22.1151,0,256.344
2018-05-31,0.0897,22.5185,0,254.3591
2018-06-01,0.0914,22.6523,0,253.707
2018-06-02,0.0886,22.5862,0,254.0286
2018-06-03,0.0866,22.6713,0,253.6149
2018-06-04,0.0843,22.3719,0,255.0775
2018-06-05,0.0835,22.0535,0,256.6492
2018-06-06,0.0831,22.2202,0,255.8242
2018-06-07,0.0822,22.2152,0,255.8489
2018-06-08,0.0826,23.2117,0,251.0115
2018-06-09,0.0823,24.2015,0,246.3631
2018-06-10,0.0622,23.3617,0,250.2973
2018-06-11,0.0114,19.7041,0,268.8007
2018-06-12,0.0078,17.3723,0,281.9119
2018-06-13,0.0068,18.2472,0,276.8611
2018-06-14,0.0076,19.3901,0,270.502
2018-06-15,0.0123,19.1227,0,271.9663
2018-06-16,0.0155,20.1766,0,266.2758
2018-06-17,0.0156,21.4332,0,259.7615
2018-06-18,0.0713,24.737,0,243.9103
2018-06-19,0.0815,26.0231,0,238.189
2018-06-20,0.0782,26.0146,0,238.2263
2018-06-21,0.0739,25.4933,0,240.5174
2018-06-22,0.0748,25.0223,0,242.6208
2018-06-23,0.0594,24.4092,0,245.4067
2018-06-24,0.0465,24.2551,0,246.1155
2018-06-25,0.0414,23.5923,0,249.206
2018-06-26,0.0408,22.1661,0,256.0913
2018-06-27,0.0349,21.8117,0,257.8549
2018-06-28,0.0282,22.2665,0,255.5961
2018-06-29,0.0228,22.4867,0,254.5149
2018-06-30,0.0191,22.8705,0,252.6494
2018-07-01,0.0154,23.2232,0,250.9564
2018-07-02,0.0117,23.3528,0,250.3393
2018-07-03,0.0089,23.3886,0,250.1692
2018-07-04,0.0061,23.3397,0,250.4017
2018-07-05,0.0033,22.6543,0,253.6973
2018-07-06,0.0019,21.9492,0,257.1683
2018-07-07,0.0015,20.0475,0,266.9612
2018-07-08,5.00E-04,18.4096,0,275.9414
2018-07-09,4.00E-04,18.2706,0,276.7281
2018-07-10,4.00E-04,19.5145,0,269.8258
2018-07-11,5.00E-04,20.5858,0,264.1226
2018-07-12,3.00E-04,20.6195,0,263.947
2018-07-13,4.00E-04,20.5859,0,264.1221
2018-07-14,5.00E-04,20.0862,0,266.7551
2018-07-15,6.00E-04,20.2506,0,265.8838
2018-07-16,7.00E-04,20.931,0,262.3305
2018-07-17,8.00E-04,21.0748,0,261.5905
2018-07-18,8.00E-04,20.4148,0,265.0187
2018-07-19,7.00E-04,18.9759,0,272.7761
2018-07-20,7.00E-04,19.2485,0,271.2755
2018-07-21,7.00E-04,19.3557,0,270.6895
2018-07-22,7.00E-04,19.042,0,272.4112
2018-07-23,0.0024,18.9587,0,272.8713
2018-07-24,0.0041,19.389,0,270.5083
2018-07-25,0.0063,19.1577,0,271.7738
2018-07-26,0.0022,19.604,0,269.3411
2018-07-27,0.0012,20.0864,0,266.7545
2018-07-28,7.00E-04,19.7999,0,268.2851
2018-07-29,4.00E-04,19.244,0,271.3006
2018-07-30,5.00E-04,19.8555,0,267.9867
2018-07-31,6.00E-04,19.4264,0,270.3046
2018-08-01,0.0015,19.8906,0,267.7987
2018-08-02,0.0091,19.7009,0,268.8175
2018-08-03,0.0061,19.1111,0,272.0299
2018-08-04,0.0031,19.664,0,269.0169
2018-08-05,0.0012,20.3637,0,265.2871
2018-08-06,6.00E-04,20.6046,0,264.0245
2018-08-07,6.00E-04,20.7632,0,263.199
2018-08-08,5.00E-04,20.8025,0,262.9953
2018-08-09,3.00E-04,20.7215,0,263.4159
2018-08-10,2.00E-04,20.3407,0,265.4084
2018-08-11,3.00E-04,20.5299,0,264.4151
2018-08-12,4.00E-04,20.0085,0,267.1688
2018-08-13,4.00E-04,19.3985,0,270.4561
2018-08-14,5.00E-04,18.8217,0,273.6318
2018-08-15,5.00E-04,19.1046,0,272.0661
2018-08-16,5.00E-04,20.0697,0,266.8432
2018-08-17,5.00E-04,20.8776,0,262.6065
2018-08-18,6.00E-04,20.466,0,264.7496
2018-08-19,6.00E-04,20.1869,0,266.2211
2018-08-20,2.00E-04,20.0305,0,267.0515
2018-08-21,0.0034,20.16,0,266.3636
2018-08-22,0.0012,19.8529,0,268.0006
2018-08-23,0.0011,17.6858,0,280.083
2018-08-24,0.001,16.7946,0,285.3381
2018-08-25,9.00E-04,17.3564,0,282.0054
2018-08-26,7.00E-04,18.319,0,276.454
2018-08-27,6.00E-04,19.8564,0,267.9822
2018-08-28,5.00E-04,20.448,0,264.8442
2018-08-29,4.00E-04,20.7037,0,263.508
2018-08-30,3.00E-04,20.8805,0,262.5914
2018-08-31,2.00E-04,20.4367,0,264.9038
2018-09-01,0.0016,20.2593,0,265.8381
2018-09-02,0.0031,20.0485,0,266.9557
2018-09-03,0.0045,20.8565,0,262.7158
2018-09-04,0.006,21.1256,0,261.3298
2018-09-05,0.0074,21.3304,0,260.2838
2018-09-06,0.0089,21.0014,0,261.9681
2018-09-07,0.0103,21.0059,0,261.9445
2018-09-08,0.0117,20.4693,0,264.7327
2018-09-09,0.0132,17.7854,0,279.5066
2018-09-10,0.0051,17.4676,0,281.3537
2018-09-11,9.00E-04,18.5356,0,275.2313
2018-09-12,0.0018,19.2385,0,271.3304
2018-09-13,6.00E-04,19.7874,0,268.3523
2018-09-14,3.00E-04,19.9364,0,267.5541
2018-09-15,4.00E-04,19.806,0,268.2521
2018-09-16,0.0052,19.4269,0,270.3018
2018-09-17,0.0463,19.4578,0,270.1335
2018-09-18,0.008,19.4108,0,270.3891
2018-09-19,0.0023,19.2999,0,270.9945
2018-09-20,8.00E-04,19.7402,0,268.606
2018-09-21,5.00E-04,20.3711,0,265.2482
2018-09-22,0.0101,20.0111,0,267.1549
2018-09-23,0.0582,17.9377,0,278.6291
2018-09-24,0.0124,17.087,0,283.5948
2018-09-25,0.0058,17.7583,0,279.6632
2018-09-26,0.004,18.4175,0,275.8967
2018-09-27,0.0084,17.5107,0,281.1018
2018-09-28,0.0154,16.9465,0,284.4302
2018-09-29,0.0116,17.0695,0,283.6986
2018-09-30,0.0081,17.0877,0,283.5904
2018-10-01,0.0071,18.019,0,278.163
2018-10-02,0.006,18.4229,0,275.8661
2018-10-03,0.0052,18.7971,0,273.7686
2018-10-04,0.0041,19.1808,0,271.6468
2018-10-05,0.0026,19.3911,0,270.4964
2018-10-06,0.0019,19.1849,0,271.6245
2018-10-07,0.0018,19.3694,0,270.6151
2018-10-08,0.0012,19.5387,0,269.6944
2018-10-09,0.0013,19.2971,0,271.0098
2018-10-10,0.0038,19.1385,0,271.8792
2018-10-11,0.1086,19.034,0,272.4554
2018-10-12,0.0988,16.995,0,284.1411
2018-10-13,0.0754,16.4398,0,287.4794
2018-10-14,0.0714,15.8619,0,291.0295
2018-10-15,0.0763,16.9295,0,284.5315
2018-10-16,0.0793,16.8824,0,284.8126
2018-10-17,0.0712,15.9825,0,290.282
2018-10-18,0.0594,14.5701,0,299.2544
2018-10-19,0.047,14.3596,0,300.6343
2018-10-20,0.0401,14.9314,0,296.9128
2018-10-21,0.0335,11.9542,0,317.2421
2018-10-22,0.0268,11.4794,0,320.7137
2018-10-23,0.0246,12.3609,0,314.3204
2018-10-24,0.0215,11.5028,0,320.5408
2018-10-25,0.0193,10.5493,0,327.7126
2018-10-26,0.0244,10.3007,0,329.6286
2018-10-27,0.0285,11.1505,0,323.1579
2018-10-28,0.0232,11.0856,0,323.6441
2018-10-29,0.0207,10.7992,0,325.8053
2018-10-30,0.0186,10.5796,0,327.4802
2018-10-31,0.0167,11.8647,0,317.8913
2018-11-01,0.0146,13.009,0,309.7634
2018-11-02,0.0178,13.8831,0,303.7994
2018-11-03,0.0177,10.9378,0,324.7564
2018-11-04,0.0146,10.1506,0,330.7953
2018-11-05,0.0142,11.6126,0,319.7328
2018-11-06,0.0153,12.4864,0,313.4292
2018-11-07,0.0146,11.819,0,318.2239
2018-11-08,0.0119,11.6982,0,319.1052
2018-11-09,0.0119,10.311,0,329.5487
2018-11-10,0.0113,8.077,0,347.6851
2018-11-11,0.0093,6.2357,0,363.9826
2018-11-12,0.0147,6.5743,0,360.8882
2018-11-13,0.033,8.5786,0,343.4628
2018-11-14,0.0268,7.9847,0,348.4718
2018-11-15,0.0621,7.5105,0,352.5624
2018-11-16,0.0812,8.0229,0,348.1455
2018-11-17,0.0719,8.1175,0,347.3407
2018-11-18,0.0667,8.166,0,346.9289
2018-11-19,0.0657,8.5987,0,343.2958
2018-11-20,0.0599,8.548,0,343.718
2018-11-21,0.0514,7.4521,0,353.0723
2018-11-22,0.0452,7.2945,0,354.4539
2018-11-23,0.0389,6.0604,0,365.6031
2018-11-24,0.0535,6.3669,0,362.7785
2018-11-25,0.0571,7.4544,0,353.0523
2018-11-26,0.052,7.6702,0,351.1755
2018-11-27,0.0494,5.6926,0,369.0434
2018-11-28,0.0451,3.8966,0,386.6658
2018-11-29,0.0409,4.6338,0,379.2629
2018-11-30,0.0387,6.613,0,360.5369
2018-12-01,0.0378,6.46,0,361.9276
2018-12-02,0.0346,7.1291,0,355.9141
2018-12-03,0.0344,7.0272,0,356.8186
2018-12-04,0.0309,5.7977,0,368.0546
2018-12-05,0.0291,5.0964,0,374.7394
2018-12-06,0.0265,4.3724,0,381.8597
2018-12-07,0.0248,4.7164,0,378.4484
2018-12-08,0.023,4.4161,0,381.4229
2018-12-09,0.0279,1.958,0,407.3411
2018-12-10,0.0296,3.6596,0,389.0977
2018-12-11,0.028,3.0649,0,395.3152
2018-12-12,0.0257,3.7509,0,388.1571
2018-12-13,0.0252,4.4279,0,381.3056
2018-12-14,0.0341,4.6804,0,378.8024
2018-12-15,0.0734,5.7608,0,368.401
2018-12-16,0.0887,5.98,0,366.3505
2018-12-17,0.088,5.4025,0,371.7961
2018-12-18,0.0883,4.7509,0,378.1083
2018-12-19,0.0839,4.6664,0,378.9411
2018-12-20,0.0949,5.5084,0,370.7869
2018-12-21,0.115,6.9216,0,357.7606
2018-12-22,0.1013,5.5727,0,370.1768
2018-12-23,0.0934,5.1755,0,373.9745
2018-12-24,0.0899,4.9589,0,376.0743
2018-12-25,0.0874,4.7806,0,377.8167
2018-12-26,0.0853,4.4919,0,380.6689
2018-12-27,0.0836,4.6101,0,379.4966
2018-12-28,0.102,5.7643,0,368.3687
2018-12-29,0.0975,6.1419,0,364.8486
2018-12-30,0.0907,5.9739,0,366.4078
2018-12-31,0.0848,6.2933,0,363.4529
2019-01-01,0.0832,6.9191,0,357.7829
2019-01-02,0.0814,6.1617,0,364.6657
2019-01-03,0.0821,6.369,0,362.7594
2019-01-04,0.0817,6.1063,0,365.1783
2019-01-05,0.0817,6.2535,0,363.8187
2019-01-06,0.0794,5.9628,0,366.5106
2019-01-07,0.0787,5.6884,0,369.0827
2019-01-08,0.0787,6.4259,0,362.2384
2019-01-09,0.0798,5.4665,0,371.1862
2019-01-10,0.0861,3.7705,0,387.956
2019-01-11,0.0821,3.4786,0,390.9719
2019-01-12,0.0784,3.4648,0,391.116
2019-01-13,0.0786,3.2991,0,392.8471
2019-01-14,0.0722,3.579,0,389.9309
2019-01-15,0.0734,3.742,0,388.2492
2019-01-16,0.0704,3.5771,0,389.9503
2019-01-17,0.0658,3.3302,0,392.5208
2019-01-18,0.0629,4.106,0,384.5375
2019-01-19,0.0617,4.1434,0,384.1596
2019-01-20,0.0824,3.6905,0,388.7787
2019-01-21,0.0801,1.3245,0,414.5015
2019-01-22,0.0691,1.7139,0,410.0762
2019-01-23,0.0631,3.1187,0,394.7453
2019-01-24,0.0759,4.3007,0,382.5771
2019-01-25,0.0799,2.8461,0,397.6444
2019-01-26,0.0767,2.6816,0,399.412
2019-01-27,0.0699,3.0083,0,395.9153
2019-01-28,0.0633,3.4169,0,391.6152
2019-01-29,0.0603,3.2822,0,393.0241
2019-01-30,0.0587,1.9857,0,407.0326
2019-01-31,0.0555,1.6218,0,411.1156
2019-02-01,0.0521,2.7114,0,399.0911
2019-02-02,0.0509,3.5382,0,390.353
2019-02-03,0.0497,4.6214,0,379.3854
2019-02-04,0.0482,5.0475,0,375.2128
2019-02-05,0.0462,6.0566,0,365.6389
2019-02-06,0.044,6.3624,0,362.8195
2019-02-07,0.0445,7.5664,0,352.0764
2019-02-08,0.0424,6.8695,0,358.2267
2019-02-09,0.0386,4.335,0,382.2338
2019-02-10,0.0358,3.8206,0,387.4423
2019-02-11,0.0378,5.0311,0,375.3715
2019-02-12,0.0475,4.7755,0,377.8668
2019-02-13,0.0503,4.7637,0,377.9824
2019-02-14,0.0458,4.979,0,375.8786
2019-02-15,0.0434,6.1724,0,364.5666
2019-02-16,0.0476,5.6647,0,369.3068
2019-02-17,0.0512,4.6497,0,379.1055
2019-02-18,0.064,5.178,0,373.9504
2019-02-19,0.0603,4.8675,0,376.9657
2019-02-20,0.0767,3.4522,0,391.2472
2019-02-21,0.1007,5.2185,0,373.56
2019-02-22,0.1134,5.569,0,370.2124
2019-02-23,0.1329,5.5351,0,370.5335
2019-02-24,0.1218,6.0362,0,365.8274
2019-02-25,0.1027,5.1311,0,374.4029
2019-02-26,0.0975,5.6501,0,369.4445
2019-02-27,0.0923,5.591,0,370.0031
2019-02-28,0.0867,6.4874,0,361.6779
2019-03-01,0.0862,5.7334,0,368.6587
2019-03-02,0.0875,6.5055,0,361.5129
2019-03-03,0.0866,6.1282,0,364.9748
2019-03-04,0.0915,5.4806,0,371.0514
2019-03-05,0.088,4.9576,0,376.0865
2019-03-06,0.0867,4.4268,0,381.317
2019-03-07,0.0828,4.726,0,378.3531
2019-03-08,0.0817,4.7344,0,378.2711
2019-03-09,0.0825,4.9725,0,375.9415
2019-03-10,0.0805,6.1633,0,364.6503
2019-03-11,0.085,6.1016,0,365.2217
2019-03-12,0.0832,5.8295,0,367.7567
2019-03-13,0.0823,6.2728,0,363.6415
2019-03-14,0.0824,7.6523,0,351.3307
2019-03-15,0.0838,8.7864,0,341.7407
2019-03-16,0.0842,7.2803,0,354.5786
2019-03-17,0.0836,7.2817,0,354.5667
2019-03-18,0.0842,7.3181,0,354.2465
2019-03-19,0.0835,7.2953,0,354.4466
2019-03-20,0.0829,7.6744,0,351.1395
2019-03-21,0.0836,8.3844,0,345.0873
2019-03-22,0.0828,7.9911,0,348.4166
2019-03-23,0.0772,7.6116,0,351.6838
2019-03-24,0.0777,8.2903,0,345.8786
2019-03-25,0.0756,9.0726,0,339.392
2019-03-26,0.0736,9.2511,0,337.9413
2019-03-27,0.0701,8.6871,0,342.5619
2019-03-28,0.0697,9.2636,0,337.8402
2019-03-29,0.0708,10.4109,0,328.7766
2019-03-30,0.0713,11.4666,0,320.8083
2019-03-31,0.0727,11.1244,0,323.3536
2019-04-01,0.0766,9.2625,0,337.8494
2019-04-02,0.0764,9.0109,0,339.8956
2019-04-03,0.0719,9.9302,0,332.5217
2019-04-04,0.0638,10.9882,0,324.3762
2019-04-05,0.0606,10.8041,0,325.7687
2019-04-06,0.0597,11.8309,0,318.1367
2019-04-07,0.0548,12.3131,0,314.6614
2019-04-08,0.0632,13.0772,0,309.2905
2019-04-09,0.0703,13.7762,0,304.5176
2019-04-10,0.062,13.74,0,304.7618
2019-04-11,0.056,14.126,0,302.1783
2019-04-12,0.0572,14.4519,0,300.0279
2019-04-13,0.0671,14.5658,0,299.2823
2019-04-14,0.1164,14.3834,0,300.4773
2019-04-15,0.1424,12.6753,0,312.095
2019-04-16,0.0983,12.622,0,312.4705
2019-04-17,0.0932,14.1231,0,302.1977
2019-04-18,0.0909,15.3758,0,294.0763
2019-04-19,0.0963,15.5501,0,292.9773
2019-04-20,0.0984,14.2302,0,301.4879
2019-04-21,0.0912,13.8486,0,304.0308
2019-04-22,0.0908,14.3267,0,300.851
2019-04-23,0.0921,15.529,0,293.1103
2019-04-24,0.091,16.3532,0,288.0062
2019-04-25,0.0893,16.7806,0,285.4218
2019-04-26,0.0907,16.1058,0,289.5214
2019-04-27,0.0889,14.7848,0,297.8589
2019-04-28,0.0902,15.7818,0,291.5277
2019-04-29,0.0878,14.9822,0,296.5859
2019-04-30,0.0889,16.3771,0,287.8609
2019-05-01,0.089,17.9237,0,278.7094
2019-05-02,0.0883,18.8425,0,273.516
2019-05-03,0.0874,19.5312,0,269.7348
2019-05-04,0.0859,19.7192,0,268.7193
2019-05-05,0.0838,19.4309,0,270.2797
2019-05-06,0.0798,19.2669,0,271.1751
2019-05-07,0.0758,19.1028,0,272.0758
2019-05-08,0.0703,19.6682,0,268.9939
2019-05-09,0.0644,19.7828,0,268.3769
2019-05-10,0.0578,19.7043,0,268.7995
2019-05-11,0.0556,19.4602,0,270.1205
2019-05-12,0.0609,19.2897,0,271.0503
2019-05-13,0.0604,17.9961,0,278.2938
2019-05-14,0.054,16.1145,0,289.4682
2019-05-15,0.0474,15.8996,0,290.7954
2019-05-16,0.0423,16.5946,0,286.5417
2019-05-17,0.0382,17.6326,0,280.392
2019-05-18,0.0346,18.633,0,274.6848
2019-05-19,0.0315,19.7027,0,268.808
2019-05-20,0.0288,19.7286,0,268.6682
2019-05-21,0.0257,18.7505,0,274.0281
2019-05-22,0.0233,17.8501,0,279.1333
2019-05-23,0.0229,19.2118,0,271.477
2019-05-24,0.0218,20.0956,0,266.7053
2019-05-25,0.0218,20.3569,0,265.3233
2019-05-26,0.0234,20.5558,0,264.2794
2019-05-27,0.0229,20.7534,0,263.2501
2019-05-28,0.0224,20.9509,0,262.2278
2019-05-29,0.0213,20.9627,0,262.1671
2019-05-30,0.0207,20.5243,0,264.4445
2019-05-31,0.0205,19.8348,0,268.0978
2019-06-01,0.0204,19.1902,0,271.5953
2019-06-02,0.0182,19.3172,0,270.8999
2019-06-03,0.0248,18.2577,0,276.8014
2019-06-04,0.0314,17.1436,0,283.2591
2019-06-05,0.0379,18.0352,0,278.07
2019-06-06,0.0445,18.3638,0,276.2001
2019-06-07,0.051,18.6924,0,274.3526
2019-06-08,0.0576,18.1773,0,277.2587
2019-06-09,0.0573,18.9086,0,273.1487
2019-06-10,0.063,19.5087,0,269.8568
2019-06-11,0.0707,19.087,0,272.163
2019-06-12,0.0603,18.813,0,273.6799
2019-06-13,0.0556,18.9328,0,273.0148
2019-06-14,0.0461,17.701,0,279.9949
2019-06-15,0.0406,18.3533,0,276.2593
2019-06-16,0.0386,19.5144,0,269.8263
2019-06-17,0.0372,19.9636,0,267.4083
2019-06-18,0.0359,20.4129,0,265.0285
2019-06-19,0.0344,20.6182,0,263.9535
2019-06-20,0.0333,20.7097,0,263.4771
2019-06-21,0.0293,19.2928,0,271.0332
2019-06-22,0.0266,18.7061,0,274.2758
2019-06-23,0.0247,18.6746,0,274.4522
2019-06-24,0.0269,19.5182,0,269.8054
2019-06-25,0.0291,20.3619,0,265.297
2019-06-26,0.0253,20.2018,0,266.1422
2019-06-27,0.0257,20.4856,0,264.647
2019-06-28,0.0261,20.7695,0,263.1665
2019-06-29,0.0182,20.4796,0,264.6786
2019-06-30,0.0103,20.7581,0,263.2255
2019-07-01,0.009,20.3978,0,265.1079
2019-07-02,0.0145,19.92,0,267.6415
2019-07-03,0.0136,20.6114,0,263.9894
2019-07-04,0.013,20.9734,0,262.1118
2019-07-05,0.0122,20.7082,0,263.4847
2019-07-06,0.0104,21.2465,0,260.7117
2019-07-07,0.009,21.0899,0,261.513
2019-07-08,0.0088,20.9991,0,261.9799
2019-07-09,0.0087,20.0651,0,266.8675
2019-07-10,0.0074,20.2858,0,265.6979
2019-07-11,0.0081,20.7266,0,263.3894
2019-07-12,0.0076,20.7168,0,263.4403
2019-07-13,0.0071,20.7799,0,263.1125
2019-07-14,0.0066,20.9913,0,262.0201
2019-07-15,0.0073,21.0719,0,261.6055
2019-07-16,0.007,20.6533,0,263.7705
2019-07-17,0.0073,21.1015,0,261.4537
2019-07-18,0.0077,21.3042,0,260.4175
2019-07-19,0.0069,21.6319,0,258.7576
2019-07-20,0.0067,22.0557,0,256.6384
2019-07-21,0.0085,21.4719,0,259.5657
2019-07-22,0.009,20.5791,0,264.158
2019-07-23,0.0149,18.9566,0,272.8833
2019-07-24,0.0109,18.2923,0,276.6051
2019-07-25,0.0093,18.1179,0,277.5972
2019-07-26,0.0091,18.4467,0,275.7321
2019-07-27,0.0088,18.9583,0,272.8735
2019-07-28,0.0087,19.3054,0,270.9643
2019-07-29,0.0083,19.9095,0,267.6978
2019-07-30,0.0095,19.8589,0,267.9688
2019-07-31,0.0146,19.1325,0,271.9124
2019-08-01,0.0122,19.0918,0,272.1366
2019-08-02,0.0113,18.9808,0,272.749
2019-08-03,0.0086,19.5083,0,269.8591
2019-08-04,0.0078,20.0443,0,266.9784
2019-08-05,0.0073,19.7891,0,268.3433
2019-08-06,0.0404,20.2884,0,265.6841
2019-08-07,0.0263,21.4552,0,259.6501
2019-08-08,0.0229,21.5532,0,259.1543
2019-08-09,0.0203,21.4452,0,259.7008
2019-08-10,0.0172,21.0552,0,261.6911
2019-08-11,0.0149,19.8897,0,267.8037
2019-08-12,0.0116,20.2618,0,265.8249
2019-08-13,0.0091,21.3682,0,260.0915
2019-08-14,0.0076,21.4358,0,259.7483
2019-08-15,0.0096,21.187,0,261.0156
2019-08-16,0.0103,21.0202,0,261.871
2019-08-17,0.009,21.2556,0,260.6649
2019-08-18,0.0076,21.1643,0,261.1318
2019-08-19,0.0069,21.2246,0,260.8234
2019-08-20,0.0066,21.1392,0,261.2604
2019-08-21,0.0063,21.2143,0,260.8761
2019-08-22,0.0063,21.1385,0,261.2636
2019-08-23,0.0106,20.6393,0,263.8438
2019-08-24,0.0109,18.2842,0,276.6512
2019-08-25,0.008,17.3313,0,282.1529
2019-08-26,0.0073,17.356,0,282.0073
2019-08-27,0.0079,17.7985,0,279.4308
2019-08-28,0.0071,18.7183,0,274.2077
2019-08-29,0.0076,17.7367,0,279.7885
2019-08-30,0.0072,17.4882,0,281.2332
2019-08-31,0.0071,18.9698,0,272.8101
2019-09-01,0.0075,19.4698,0,270.0684
2019-09-02,0.0069,19.3792,0,270.5617
2019-09-03,0.0063,19.5906,0,269.4132
2019-09-04,0.0063,19.9441,0,267.5129
2019-09-05,0.0063,20.1818,0,266.2482
2019-09-06,0.0064,19.336,0,270.797
2019-09-07,0.0063,18.6742,0,274.4545
2019-09-08,0.0064,18.2737,0,276.7103
2019-09-09,0.0062,19.3712,0,270.6048
2019-09-10,0.0064,19.7332,0,268.6436
2019-09-11,0.0066,20.4042,0,265.0745
2019-09-12,0.0074,20.5278,0,264.426
2019-09-13,0.0068,19.8759,0,267.8773
2019-09-14,0.0073,19.1119,0,272.0259
2019-09-15,0.0069,19.4666,0,270.0859
2019-09-16,0.0065,19.3173,0,270.8994
2019-09-17,0.0063,19.2569,0,271.2299
2019-09-18,0.0062,18.5029,0,275.4152
2019-09-19,0.0063,16.3681,0,287.9154
2019-09-20,0.0062,16.7872,0,285.3825
2019-09-21,0.0061,17.2063,0,282.8891
2019-09-22,0.0061,18.7071,0,274.2705
2019-09-23,0.0058,18.8114,0,273.6892
2019-09-24,0.0059,18.1276,0,277.5419
2019-09-25,0.006,16.5108,0,287.0484
2019-09-26,0.0059,17.8681,0,279.0294
2019-09-27,0.006,17.8858,0,278.9275
2019-09-28,0.0062,18.9133,0,273.1228
2019-09-29,0.0061,19.8201,0,268.1766
2019-09-30,0.0059,19.907,0,267.7111
2019-10-01,0.006,19.8566,0,267.9811
2019-10-02,0.0057,20.373,0,265.2383
2019-10-03,0.0056,20.1852,0,266.23
2019-10-04,0.0054,19.589,0,269.4222
2019-10-05,0.0057,15.1552,0,295.4782
2019-10-06,0.0072,14.9977,0,296.4863
2019-10-07,0.0064,16.6625,0,286.132
2019-10-08,0.0076,15.1947,0,295.2264
2019-10-09,0.0068,14.3287,0,300.8373
2019-10-10,0.0064,14.7157,0,298.3065
2019-10-11,0.0064,14.5205,0,299.5784
2019-10-12,0.0063,14.7871,0,297.844
2019-10-13,0.0062,13.5695,0,305.9156
2019-10-14,0.0062,13.2568,0,308.0517
2019-10-15,0.006,12.5468,0,313.0015
2019-10-16,0.0104,12.2979,0,314.7699
2019-10-17,0.0072,10.0219,0,331.8018
2019-10-18,0.0066,10.0476,0,331.6002
2019-10-19,0.0065,9.8922,0,332.8211
2019-10-20,0.0186,11.7506,0,318.7222
2019-10-21,0.008,12.9152,0,310.4154
2019-10-22,0.0119,13.3915,0,307.1284
2019-10-23,0.0086,11.5602,0,320.1179
2019-10-24,0.0074,10.3863,0,328.9671
2019-10-25,0.0071,10.9709,0,324.5065
2019-10-26,0.0071,12.5258,0,313.1496
2019-10-27,0.0169,14.4819,0,299.8313
2019-10-28,0.0091,13.3919,0,307.1255
2019-10-29,0.0079,13.2861,0,307.8499
2019-10-30,0.0099,13.964,0,303.2583
2019-10-31,0.0201,15.4326,0,293.7175
2019-11-01,0.0159,9.7299,0,334.1045
2019-11-02,0.0102,8.3771,0,345.1485
2019-11-03,0.0089,7.9669,0,348.6239
2019-11-04,0.0085,7.6957,0,350.9547
2019-11-05,0.0081,8.7575,0,341.979
2019-11-06,0.0078,9.022,0,339.8053
2019-11-07,0.0078,9.592,0,335.2019
2019-11-08,0.008,7.0131,0,356.9438
2019-11-09,0.0079,4.7708,0,377.9128
2019-11-10,0.0077,6.3977,0,362.4964
2019-11-11,0.0076,8.546,0,343.7345
2019-11-12,0.0083,6.7443,0,359.3513
2019-11-13,0.0079,2.3181,0,403.3623
2019-11-14,0.0078,2.8519,0,397.5831
2019-11-15,0.0077,4.5743,0,379.8513
2019-11-16,0.0078,4.4425,0,381.1602
2019-11-17,0.0079,4.6575,0,379.0284
2019-11-18,0.0084,5.762,0,368.3902
2019-11-19,0.0081,5.9473,0,366.6553
2019-11-20,0.0078,6.3022,0,363.3716
2019-11-21,0.0076,6.203,0,364.284
2019-11-22,0.0078,7.7368,0,350.6002
2019-11-23,0.0091,6.1443,0,364.8265
2019-11-24,0.0098,5.7433,0,368.5656
2019-11-25,0.0083,5.495,0,370.9146
2019-11-26,0.0079,6.2452,0,363.8954
2019-11-27,0.0088,7.8964,0,349.2275
2019-11-28,0.0086,5.8064,0,367.9735
2019-11-29,0.0081,5.9026,0,367.0724
2019-11-30,0.0094,6.608,0,360.5822
2019-12-01,0.0234,6.7284,0,359.494
2019-12-02,0.0149,5.8976,0,367.1191
2019-12-03,0.0114,4.2372,0,383.2151
2019-12-04,0.0096,3.9514,0,386.1072
2019-12-05,0.0144,3.9326,0,386.2982
2019-12-06,0.0128,4.5699,0,379.8946
2019-12-07,0.0083,5.2149,0,373.5951
2019-12-08,0.0082,3.5646,0,390.0798
2019-12-09,0.0111,4.5734,0,379.8595
2019-12-10,0.0104,6.6205,0,360.469
2019-12-11,0.0104,4.0169,0,385.441
2019-12-12,0.0095,2.5249,0,401.1069
2019-12-13,0.0115,3.1555,0,394.3569
2019-12-14,0.0187,5.5269,0,370.6117
2019-12-15,0.0149,5.4171,0,371.6569
2019-12-16,0.0118,5.819,0,367.8553
2019-12-17,0.0109,6.7071,0,359.6866
2019-12-18,0.01,3.0003,0,396.0005
2019-12-19,0.0093,1.1506,0,416.5029
2019-12-20,0.0088,2.0175,0,406.6791
2019-12-21,0.0086,2.67,0,399.5367
2019-12-22,0.0084,3.7153,0,388.5235
2019-12-23,0.0083,5.3745,0,372.0639
2019-12-24,0.0084,5.8684,0,367.3918
2019-12-25,0.0082,5.0046,0,375.6295
2019-12-26,0.0082,5.8017,0,368.0175
2019-12-27,0.0079,6.7072,0,359.6856
2019-12-28,0.0078,7.4668,0,352.9441
2019-12-29,0.008,8.9468,0,340.421
2019-12-30,0.0087,10.6778,0,326.7293
2019-12-31,0.0081,7.1496,0,355.7324