time,AirTemp,ShortWave,LongWave,RelHum,WindSpeed,Rain,Snow
2018-07-12 07:00,21.773,182.4162,376.385,78.924,0.6948,0,0
2018-07-12 08:00,23.3895,350.3067,380.7883,69.4285,0.9308,0,0
2018-07-12 09:00,24.251,617.5317,397.885,67.0853,1.9934,0,0
2018-07-12 10:00,26.2012,854.8217,398.085,63.9985,2.8423,0,0
2018-07-12 11:00,28.3425,964.1667,403.1417,58.9957,2.4306,0,0
2018-07-12 12:00,32.3374,922.1216,411.64,57.132,1.8382,0,0
2018-07-12 13:00,32.1093,948.0167,422.285,56.1165,1.8465,0,0
2018-07-12 14:00,31.3342,738.0433,419.3433,54.2632,1.8363,0,0
2018-07-12 15:00,30.7533,656.8617,406.3583,49.7055,1.6003,0,0
2018-07-12 16:00,30.3147,517.925,399.9783,52.3778,2.1791,0,0
2018-07-12 17:00,29.839,277.7967,400.9817,54.3783,1.4515,0,0
2018-07-12 18:00,29.2658,64.3812,405.7667,63.6588,1.471,0,0
2018-07-12 19:00,27.3992,10.585,399.4683,72.349,1.2117,0,0
2018-07-12 20:00,26.6369,0,392.8283,68.7178,1.2371,0,0
2018-07-12 21:00,26.4357,0,403.3317,66.3317,1.513,0,0
2018-07-12 22:00,25.558,0,389.9933,67.5857,1.3057,0,0
2018-07-12 23:00,24.136,0,407.9517,75.4807,0.9846,0,0
2018-07-13 00:00,23.0193,0,401.82,80.3545,1.0063,0,0
2018-07-13 01:00,22.2482,0,401.1967,84.2583,0.8224,0,0
2018-07-13 02:00,21.7427,0,378.4733,89.1233,0.6189,0,0
2018-07-13 03:00,21.5382,0,374.105,92.425,0.6339,0,0
2018-07-13 04:00,21.0037,0.0088,409.245,94.4983,0.3776,0,0
2018-07-13 05:00,21.157,11.5572,402.4983,95.5967,0.7436,0,0
2018-07-13 06:00,21.5125,77.404,406.6067,92.465,0.8477,0,0
2018-07-13 07:00,22.254,221.1483,390.6133,83.9123,0.7089,0,0
2018-07-13 08:00,23.0452,246.0333,392.5617,79.4135,1.4473,0,0
2018-07-13 09:00,24.281,563.8483,400.9983,74.3058,1.6024,0,0
2018-07-13 10:00,25.355,516.5967,416.4133,70.105,1.9372,0,0
2018-07-13 11:00,27.304,833.8583,406.5483,62.8215,1.8609,0,0
2018-07-13 12:00,28.9957,911.79,405.9533,57.8042,2.1994,0,0
2018-07-13 13:00,30.8627,844.1567,403.9417,55.351,1.8287,0,0
2018-07-13 14:00,31.9296,791.2717,402.6967,56.8423,2.1208,0,0
2018-07-13 15:00,30.8532,706.1783,400.8867,60.1955,2.1318,0,0
2018-07-13 16:00,29.8585,528.43,399.855,54.9488,1.6367,0,0
2018-07-13 17:00,30.0135,292.0445,400.235,55.799,1.6525,0,0
2018-07-13 18:00,26.2132,49.7592,401.6283,57.7633,1.14,0,0
2018-07-13 19:00,24.3362,8.1791,392.855,69.5503,0.4883,0,0
2018-07-13 20:00,22.9035,0,384.365,72.485,0.5879,0,0
2018-07-13 21:00,22.3732,0,379.4017,73.7732,0.7062,0,0
2018-07-13 22:00,22.1855,0,378.2933,76.1935,0.5908,0,0
2018-07-13 23:00,21.9502,0,373.99,79.0703,0.5359,0,0
2018-07-14 00:00,20.948,0,372.0683,84.1365,0.7923,0,0
2018-07-14 01:00,21.2147,0,368.7,84.5883,0.6574,0,0
2018-07-14 02:00,20.458,0,367.6767,88.3283,0.5138,0,0
2018-07-14 03:00,20.8878,0,367.18,96.0317,0.5108,0,0
2018-07-14 04:00,21.2839,0,376.0383,96.34,0.5242,0,0
2018-07-14 05:00,20.3472,12.15,389.0883,99.5933,0.6502,0,0
2018-07-14 06:00,20.8665,54.2545,366.7817,97.8683,0.5868,0,0
2018-07-14 07:00,22.3487,276.6948,366.6017,84.09,1.092,0,0
2018-07-14 08:00,22.6912,327.1683,385.5,75.8932,1.0623,0,0
2018-07-14 09:00,23.959,681.3066,400.255,70.6522,1.2358,0,0
2018-07-14 10:00,26.8058,479.2083,432.215,70.3085,1.5765,0,0
2018-07-14 11:00,28.0382,546.3967,431.0633,69.2855,0.9364,0,0
2018-07-14 12:00,30.9086,788.2416,422.485,65.0997,1.3945,0,0
2018-07-14 13:00,28.8155,597.2667,432.2767,61.3647,1.5722,0,0
2018-07-14 14:00,30.3142,803.7317,417.3283,58.2772,1.7128,0,0
2018-07-14 15:00,32.1016,648.8066,407.8983,60.8592,1.5173,0,0
2018-07-14 16:00,32.6159,536.2333,403.6967,59.6345,1.3315,0,0
2018-07-14 17:00,33.4322,297.8937,406.9483,62.5717,0.8536,0,0
2018-07-14 18:00,27.4582,40.027,412.1583,74.1963,0.9242,0,0
2018-07-14 19:00,26.1168,6.4802,397.645,83.5952,1.1227,0,0
2018-07-14 20:00,24.0387,0,390.9983,80.6032,0.7063,0,0
2018-07-14 21:00,23.248,0,386.6867,79.7327,0.5209,0,0
2018-07-14 22:00,21.9812,0,383.25,82.9483,0.5951,0,0
2018-07-14 23:00,21.2868,0,377.135,89.8217,0.7949,0,0
2018-07-15 00:00,21.101,0,375.0283,93.3667,0.9957,0,0
2018-07-15 01:00,20.8868,0,373.525,95.0567,1.0753,0,0
2018-07-15 02:00,21.8074,0,371.76,98.265,1.5202,0,0
2018-07-15 03:00,21.1458,0,370.4617,99.6833,1.9143,0,0
2018-07-15 04:00,21.0256,0,367.7983,99.93,2.457,0,0
2018-07-15 05:00,20.1433,14.2535,367.525,100,2.5486,0,0
2018-07-15 06:00,20.6513,58.8867,368.4967,99.4,2.252,0,0
2018-07-15 07:00,22.846,240.4045,373.6233,83.7713,1.1867,0,0
2018-07-15 08:00,27.3783,315.9467,392.5133,71.2715,1.6588,0,0
2018-07-15 09:00,29.4465,695.7683,406.875,66.6285,1.0707,0,0
2018-07-15 10:00,30.031,816.485,425.6933,60.9663,1.092,0,0
2018-07-15 11:00,30.723,738.78,440.0283,56.3745,1.3809,0,0
2018-07-15 12:00,32.3485,814.6733,439.89,51.7655,1.0996,0,0
2018-07-15 13:00,32.4498,590,448.2333,51.4858,1.5393,0,0
2018-07-15 14:00,32.3817,550.6733,445.5267,51.556,1.5482,0,0
2018-07-15 15:00,30.8885,282.435,448.2133,65.5582,1.116,0,0
2018-07-15 16:00,29.9576,73.2902,448.93,80.3458,1.2862,0,0
2018-07-15 17:00,27.4649,50.9023,447.1017,86.4583,1.3535,0,0
2018-07-15 18:00,25.3575,31.736,435.155,85.297,1.6658,0,0
2018-07-15 19:00,25.303,1.7874,430.9117,87.5818,3.2322,0,0
2018-07-15 20:00,24.8495,0,430.0283,87.005,3.2835,0,0
2018-07-15 21:00,24.7628,0,423.1117,88.6933,3.3716,0,0
2018-07-15 22:00,24.2137,0,420.0633,91.8583,2.1303,0,0
2018-07-15 23:00,23.3458,0,423.4133,92.7667,1.441,0,0
2018-07-16 00:00,23.0977,0,422.9683,93.1067,1.2031,0,0
2018-07-16 01:00,22.7365,0,419.265,95.6617,1.7042,0,0
2018-07-16 02:00,22.6118,0,422.5817,95.5267,2.4153,0,0
2018-07-16 03:00,22.9485,0,417.3883,93.3367,1.8012,0,0
2018-07-16 04:00,22.7477,0,408.3217,95.22,2.1165,0,0
2018-07-16 05:00,22.7728,14.2292,407.0933,95.7333,2.3572,0,0
2018-07-16 06:00,23.433,108.898,408.1033,91.1133,2.1643,0,0
2018-07-16 07:00,23.9323,158.345,418.2317,87.3633,1.6664,0,0
2018-07-16 08:00,26.1495,317.3433,414.925,82.199700000000007,0.6076,0,0
2018-07-16 09:00,29.0915,413.3717,431.5533,76.6042,0.9099,0,0
2018-07-16 10:00,30.6809,675.0634,431.9083,69.9985,1.514,0,0
2018-07-16 11:00,32.0212,817.265,431.8133,59.9033,1.357,0,0
2018-07-16 12:00,32.4795,766.2067,442.895,59.2625,1.9396,0,0
2018-07-16 13:00,29.9872,447.0015,459.2517,71.4365,1.7525,0,0
2018-07-16 14:00,30.9185,561.375,437.9267,68.33,1.9487,0,0
2018-07-16 15:00,28.286,179.5807,443.075,71.5343,1.5359,0,0
2018-07-16 16:00,28.6663,359.42,425.2967,72.7892,1.1233,0,0
2018-07-16 17:00,28.0453,122.41,439.175,80.2495,0.8876,0,0
2018-07-16 18:00,28.3187,82.6002,431.4533,79.5442,0.4651,0,0
2018-07-16 19:00,27.536,16.6814,436.9317,79.558,0.5605,0,0
2018-07-16 20:00,26.599,0,442.75,86.1317,0.8879,0,0
2018-07-16 21:00,25.654,0,438.3633,96.1417,0.6442,0,0
2018-07-16 22:00,25.8137,0,434.7183,99.335,1.1341,0,0
2018-07-16 23:00,23.6605,0,417.7717,97.835,0.7377,0,0
2018-07-17 00:00,22.6408,0,419.46,98.0583,0.8142,0,0
2018-07-17 01:00,22.4865,0,413.0383,98.1317,0.7545,0,0
2018-07-17 02:00,22.3925,0,411.0567,98.055,0.7259,0,0
2018-07-17 03:00,22.2528,0,412.1317,97.7917,1.0124,0,0
2018-07-17 04:00,22.0683,0,400.2083,98.0283,1.2353,0,0
2018-07-17 05:00,22.277,10.4314,392.4683,96.585,1.3723,0,0
2018-07-17 06:00,23.3047,63.1775,396.6217,86.3367,2.6432,0,0
2018-07-17 07:00,24.196,233.4433,410.1317,82.3142,2.3049,0,0
2018-07-17 08:00,26.9943,258.485,421.99,77.2443,1.9599,0,0
2018-07-17 09:00,28.4617,398.5117,438.6267,76.6432,1.8426,0,0
2018-07-17 10:00,30.9068,580.4217,435.4567,77.9448,1.5607,0,0
2018-07-17 11:00,31.1711,551.1433,453.6867,70.913,1.0718,0,0
2018-07-17 12:00,31.3458,504.6367,460.2467,67.7928,1.3372,0,0
2018-07-17 13:00,31.1081,577.8033,462.015,87.2767,1.4029,0,0
2018-07-17 14:00,30.5155,590.654,438.6317,67.9303,1.8772,0,0
2018-07-17 15:00,30.9445,516.1845,436.94,63.8012,2.6244,0,0
2018-07-17 16:00,28.2442,427.8733,433.24,67.3123,2.0946,0,0
2018-07-17 17:00,27.7423,194.2517,424.4917,79.3937,1.4795,0,0
2018-07-17 18:00,26.9302,59.6243,423.655,85.985,1.3632,0,0
2018-07-17 19:00,25.6483,6.0913,420.045,90.5367,1.8414,0,0
2018-07-17 20:00,25.9547,0.0112,417.775,78.7375,2.9946,0,0
2018-07-17 21:00,24.6655,0,411.405,83.8518,2.9041,0,0
2018-07-17 22:00,24.5798,0,400.7,82.2635,2.6178,0,0
2018-07-17 23:00,23.506,0,390.5233,82.5448,3.9855,0,0
2018-07-18 00:00,23.4602,0,381.8533,78.7638,4.6199,0,0
2018-07-18 01:00,23.5058,0,380.4783,74.956,2.927,0,0
2018-07-18 02:00,22.372,0,376.96,81.3543,2.2533,0,0
2018-07-18 03:00,21.3528,0,374.2417,86.7567,3.2649,0,0
2018-07-18 04:00,21.0627,0,364.7867,83.9017,2.9127,0,0
2018-07-18 05:00,20.827,11.8165,362.5167,92.11,2.7998,0,0
2018-07-18 06:00,22.057,56.6013,358.31,92.775,2.6251,0,0
2018-07-18 07:00,22.5428,279.4523,358.6583,78.3495,3.051,0,0
2018-07-18 08:00,22.6677,339.2528,374.7267,71.5655,5.5216,0,0
2018-07-18 09:00,23.087,780.1033,381.4233,65.869,4.6853,0,0
2018-07-18 10:00,23.8585,889.6884,380.4883,53.1527,3.3952,0,0
2018-07-18 11:00,24.6258,986.65,383.1067,48.064,3.0504,0,0
2018-07-18 12:00,26.3723,983.8483,386.3267,46.7147,2.8841,0,0
2018-07-18 13:00,27.6957,973.0517,383.585,42.496,2.9499,0,0
2018-07-18 14:00,28.8788,811.415,387.1317,41.5433,3.2713,0,0
2018-07-18 15:00,28.784,775.3417,392.18,40.984,2.3715,0,0
2018-07-18 16:00,28.624,574.6833,388.1767,41.6518,2.7101,0,0
2018-07-18 17:00,28.0705,306.57,385.115,43.494,2.2612,0,0
2018-07-18 18:00,25.9133,41.8532,387.605,56.6483,1.3643,0,0
2018-07-18 19:00,21.7383,4.1515,375.5917,73.3072,1.6153,0,0
2018-07-18 20:00,22.3126,0,362.6233,84.31,2.2351,0,0
2018-07-18 21:00,21.2689,0,356.7383,93.705,1.9506,0,0
2018-07-18 22:00,20.296,0,352.0583,91.065,2.0848,0,0
2018-07-18 23:00,20.1993,0,348.8567,89.2317,2.0585,0,0
2018-07-19 00:00,18.7703,0,347.1967,91.06,2.2014,0,0
2018-07-19 01:00,20.1417,0,345.825,94.6033,2.0667,0,0
2018-07-19 02:00,19.304,0,344.205,96.8217,1.9744,0,0
2018-07-19 03:00,18.9692,0,348.8133,96.8933,1.9997,0,0
2018-07-19 04:00,20.3167,0,345.5583,96.0767,2.2182,0,0
2018-07-19 05:00,18.0383,9.5074,340.9417,95.395,2.2606,0,0
2018-07-19 06:00,17.8898,42.3442,340.0567,91.6433,1.4861,0,0
2018-07-19 07:00,20.7306,285.5202,340.205,84.3982,0.7201,0,0
2018-07-19 08:00,24.0119,318.9873,364.615,63.7812,0.9708,0,0
2018-07-19 09:00,24.8058,727.0333,383.2167,48.653,1.5304,0,0
2018-07-19 10:00,27.6311,875.355,391.0483,48.7785,1.5975,0,0
2018-07-19 11:00,31.2116,885.5367,394.5117,52.1685,1.9992,0,0
2018-07-19 12:00,30.6877,618.345,421.4317,54.0418,1.8042,0,0
2018-07-19 13:00,30.9762,745.2883,418.0767,49.7657,1.6119,0,0
2018-07-19 14:00,31.0502,569.9467,410.1617,49.177,1.4383,0,0
2018-07-19 15:00,31.4413,478.1033,407.9283,53.2913,1.1866,0,0
2018-07-19 16:00,30.5957,500.845,391.9017,55.509,1.0492,0,0
2018-07-19 17:00,30.3315,231.9567,400.1633,60.349,0.8714,0,0
2018-07-19 18:00,27.7562,59.7255,398.9333,67.875,0.6317,0,0
2018-07-19 19:00,23.2972,7.8377,388.025,69.1892,0.8591,0,0
2018-07-19 20:00,22.244,0,376.05,71.5765,1.0553,0,0
2018-07-19 21:00,21.4687,0,368.6067,72.959,0.7687,0,0
2018-07-19 22:00,21.7167,0,364.9,74.074,1.1881,0,0
2018-07-19 23:00,21.8875,0,368.0533,74.5983,1.2633,0,0
2018-07-20 00:00,22.3368,0,374.5467,74.548,0.8439,0,0
2018-07-20 01:00,22.8898,0.0017,384.42,71.5953,0.6092,0,0
2018-07-20 02:00,22.6325,0,377.26,71.4468,0.8811,0,0
2018-07-20 03:00,21.994,0,375.6883,70.7247,1.5194,0,0
2018-07-20 04:00,21.5478,0,383.2067,77.156,1.2811,0,0
2018-07-20 05:00,21.6408,6.508,415.475,78.6205,1.5347,0,0
2018-07-20 06:00,21.5262,44.9227,414.1067,81.6,1.4088,0,0
2018-07-20 07:00,21.761,116.4818,408.1783,81.8317,0.9353,0,0
2018-07-20 08:00,22.1408,231.3117,403.82,80.8973,1.5479,0,0
2018-07-20 09:00,22.7863,436.255,406.0233,77.6572,2.1865,0,0
2018-07-20 10:00,23.6887,704.2733,404.21,68.9822,2.7413,0,0
2018-07-20 11:00,25.0237,830.61,410.425,61.968,2.5623,0,0
2018-07-20 12:00,28.0555,754.815,419.95,58.6782,2.7045,0,0
2018-07-20 13:00,30.6457,693.03,430.105,59.2962,2.7316,0,0
2018-07-20 14:00,30.1612,424.935,438.6183,57.7635,1.7189,0,0
2018-07-20 15:00,29.6982,315.2967,445.1133,57.4152,1.7573,0,0
2018-07-20 16:00,29.7667,193.225,442.235,62.3542,0.9664,0,0
2018-07-20 17:00,26.349,176.9942,438.48,63.3067,1.0768,0,0
2018-07-20 18:00,25.8905,71.1218,402.67,62.202,1.1306,0,0
2018-07-20 19:00,22.9598,5.3273,397.575,75.3503,0.6005,0,0
2018-07-20 20:00,23.0235,0,384.265,71.9065,0.6641,0,0
2018-07-20 21:00,22.3455,0,404.5667,73.96,0.7142,0,0
2018-07-20 22:00,22.248,0,406.1683,73.6302,0.6446,0,0
2018-07-20 23:00,22.23,0,420.3933,74.4843,0.7833,0,0
2018-07-21 00:00,21.758,0,424.0867,79.3838,1.2464,0,0
2018-07-21 01:00,21.4237,0,426.03,83.4467,1.2791,0,0
2018-07-21 02:00,21.3512,0,410.88,86.245,0.9362,0,0
2018-07-21 03:00,21.6498,0,392.5867,90.3583,1.1627,0,0
2018-07-21 04:00,21.9087,0,412.7017,92.5067,1.1681,0,0
2018-07-21 05:00,21.5248,5.5087,411.9967,92.7367,1.0426,0,0
2018-07-21 06:00,20.9025,35.8292,419.5117,92.355,1.2718,0,0
2018-07-21 07:00,21.1992,112.782,414.4533,89.705,1.4343,0,0
2018-07-21 08:00,21.6825,184.19,421.595,85.485,1.3863,0,0
2018-07-21 09:00,22.7752,327.3217,424.4683,81.8825,1.7069,0,0
2018-07-21 10:00,22.8402,225.6133,428.8617,76.7117,0.8739,0,0
2018-07-21 11:00,22.9675,329.4383,423.705,72.7983,1.1671,0,0
2018-07-21 12:00,23.4055,262.95,430.9367,69.7573,0.7201,0,0
2018-07-21 13:00,23.3027,348.7117,430.58,71.8858,1.3476,0,0
2018-07-21 14:00,24.0087,577.2484,420.0367,68.1725,1.9028,0,0
2018-07-21 15:00,25.7798,513.6533,400.1333,64.567,1.3137,0,0
2018-07-21 16:00,26.7073,402.6673,392.315,63.9548,1.5145,0,0
2018-07-21 17:00,25.161,177.5218,392.755,71.2018,1.0033,0,0
2018-07-21 18:00,23.0677,32.1112,394.165,78.691,1.0548,0,0
2018-07-21 19:00,21.832,2.9058,393.6633,86.2267,1.2648,0,0
2018-07-21 20:00,22.609,0,411.5483,81.2757,0.547,0,0
2018-07-21 21:00,22.3558,0,429.5633,83.4025,0.7891,0.0244,0
2018-07-21 22:00,21.0025,0,437.53,96.5517,1.1827,0.1463,0
2018-07-21 23:00,22.1027,0,420.9233,99.1967,2.4066,0.0488,0
2018-07-22 00:00,21.6923,0,405.045,100,0.7214,0,0
2018-07-22 01:00,20.2497,0,421.235,100,1.2424,0,0
2018-07-22 02:00,19.9312,0,421.7767,100,0.6868,0,0
2018-07-22 03:00,20.17,0,424.9517,100,0.5096,0,0
2018-07-22 04:00,20.2627,0,421.43,100,0.6236,0,0
2018-07-22 05:00,20.103,8.8602,410.8233,100,0.5852,0,0
2018-07-22 06:00,20.1987,78.3175,414.7417,100,0.8097,0,0
2018-07-22 07:00,20.3252,156.48,416.6133,100,0.8605,0,0
2018-07-22 08:00,20.8895,145.3483,426.8067,100,1.7553,0,0
2018-07-22 09:00,21.2147,159.5,427.185,98.8183,1.4928,0,0
2018-07-22 10:00,22.985,389.615,422.7383,92.24,1.8332,0,0
2018-07-22 11:00,22.5377,170.0233,433.4133,93.55,1.977,0,0
2018-07-22 12:00,22.226,198.7123,432.1233,94.26,1.3842,0,0
2018-07-22 13:00,22.5727,287.6567,430.45,87.8617,1.6699,0,0
2018-07-22 14:00,23.1377,676.605,410.26,81.7467,1.8736,0,0
2018-07-22 15:00,23.4042,395.9083,424.1783,80.138,1.586,0,0
2018-07-22 16:00,23.1052,322.33,426.8183,84.9267,1.9152,0,0
2018-07-22 17:00,22.789,126.3393,399.1083,86.0487,1.3813,0,0
2018-07-22 18:00,21.9102,30.4288,393.2483,90.5767,1.5249,0,0
2018-07-22 19:00,21.9063,5.6315,387.1433,89.115,1.2383,0,0
2018-07-22 20:00,21.9117,0,393.9133,87.9583,1.0927,0,0
2018-07-22 21:00,22.056,0.0019,418.385,87.1617,1.2028,0,0
2018-07-22 22:00,20.713,0,430.0617,97.7533,2.1206,0.0975,0
2018-07-22 23:00,20.8803,0,415.9667,96.4233,0.6632,0.0183,0
2018-07-23 00:00,19.5997,0,404.5933,99.9833,1.2026,0,0
2018-07-23 01:00,19.4435,0,397.1883,100,1.7559,0,0
2018-07-23 02:00,19.492,0,397.6783,100,1.4006,0,0
2018-07-23 03:00,19.7207,0.0044,410.8183,100,1.2643,0,0
2018-07-23 04:00,19.9745,0.0323,421.7067,100,0.9226,0,0
2018-07-23 05:00,20.9822,7.387,425.7633,100,0.8791,0,0
2018-07-23 06:00,21.723,30.809,428.5283,100,0.8391,0,0
2018-07-23 07:00,22.1503,58.0279,429.2017,99.1217,1.1316,0.0183,0
2018-07-23 08:00,23.7093,44.3568,431.6233,99.685,1.3311,0.0061,0
2018-07-23 09:00,23.521,120.3747,434.2533,99.9317,1.23,0.0061,0
2018-07-23 10:00,23.222,161.6063,440.8667,99.3733,1.4625,0,0
2018-07-23 11:00,23.0772,394.2883,450.9767,93.255,1.6613,0,0
2018-07-23 12:00,23.7438,355.94,460.1367,85.2238,1.6124,0,0
2018-07-23 13:00,23.7063,407.4717,456.845,90.515,1.2306,0,0
2018-07-23 14:00,26.4559,400.1483,453.4467,85.6867,1.2443,0,0
2018-07-23 15:00,29.1877,479.025,433.2717,79.248,1.4256,0,0
2018-07-23 16:00,28.8437,191.6783,435.5533,84.3767,0.6701,0,0
2018-07-23 17:00,27.61,103.9655,439.6117,84.8323,0.8167,0,0
2018-07-23 18:00,24.1372,5.8612,452.745,96.63,1.392,0.256,0
2018-07-23 19:00,20.945,0.8049,430.2667,98.5883,1.1155,0.0671,0
2018-07-23 20:00,21.2547,0.0488,408.8583,95.135,1.1447,0,0
2018-07-23 21:00,21.3003,0.0203,427.1133,96.59,0.5978,0,0
2018-07-23 22:00,21.3,0.0233,431.705,98.365,0.663,0,0
2018-07-23 23:00,21.2002,0,429.995,99.455,0.6363,0,0
2018-07-24 00:00,21.3765,0.0272,429.1633,98.3717,0.6679,0,0
2018-07-24 01:00,21.4582,0.0024,437.275,98.0833,1.1148,0.061,0
2018-07-24 02:00,21.3663,0,436.84,99.745,0.9862,0.0061,0
2018-07-24 03:00,21.3512,0,438.3467,99.75,0.891,0,0
2018-07-24 04:00,21.1762,0,437.3133,99.76,1.0914,0,0
2018-07-24 05:00,21.1638,8.3667,434.0817,99.7533,0.3925,0.0305,0
2018-07-24 06:00,21.4353,35.5548,437.665,99.7417,0.7229,0,0
2018-07-24 07:00,21.667,86.1572,440.5617,99.7333,0.9389,0,0
2018-07-24 08:00,22.0465,128.6575,444.9483,99.4283,1.2878,0.0061,0
2018-07-24 09:00,22.6835,282.4577,452.0383,95.7517,1.4489,0,0
2018-07-24 10:00,23.4273,463.1233,460.515,89.4933,1.7478,0,0
2018-07-24 11:00,23.8133,404.63,465.2767,86.6483,1.5668,0,0
2018-07-24 12:00,23.723,330.9183,457.965,87.1867,1.3373,0,0
2018-07-24 13:00,23.7533,267.0783,458.9433,89.1483,0.9934,0.0183,0
2018-07-24 14:00,23.3512,246.9933,458.6783,92.6183,1.0626,0,0
2018-07-24 15:00,23.091,86.7725,457.3267,94.4867,0.5785,0.0427,0
2018-07-24 16:00,22.0785,100.1558,444.9467,96.3867,0.4832,0.0671,0
2018-07-24 17:00,22.1872,122.0717,441.62,97.8533,0.6478,0,0
2018-07-24 18:00,22.1582,60.9862,441.7417,98.3283,1.1039,0,0
2018-07-24 19:00,20.8163,6.8603,437.7867,98.5783,0.885,0,0
2018-07-24 20:00,20.3705,0,429.9233,99.4817,0.9512,0,0
2018-07-24 21:00,20.5115,0,430.9917,99.6617,0.4872,0,0
2018-07-24 22:00,21.001,0,433.1933,99.655,0.356,0,0
2018-07-24 23:00,20.873,0,431.8067,99.65,0.8104,0,0
2018-07-25 00:00,20.3325,0,430.03,99.6467,0.5029,0,0
2018-07-25 01:00,20.6995,0,430.6933,99.645,0.2577,0.0122,0
2018-07-25 02:00,20.664,0,431.0067,99.65,0.1263,0.061,0
2018-07-25 03:00,20.576,0,428.19,99.6467,0.2803,0.0183,0
2018-07-25 04:00,20.4697,0,430.5967,99.645,0.2941,0,0
2018-07-25 05:00,20.5822,5.788,426.69,99.645,1.0909,0,0
2018-07-25 06:00,20.7858,62.961,424.305,99.64,1.7987,0,0
2018-07-25 07:00,21.4925,202.1167,427.11,98.77,0.8069,0,0
2018-07-25 08:00,22.2392,255.995,438.5767,92.6467,0.7025,0,0
2018-07-25 09:00,23.0425,458.15,440.7283,85.83,1.6709,0,0
2018-07-25 10:00,24.733,577.8134,427.8417,77.1967,1.1558,0,0
2018-07-25 11:00,27.5557,708.8134,435.985,77.288,1.3277,0,0
2018-07-25 12:00,29.1678,524.4445,451.2717,79.1655,1.8679,0.0853,0
2018-07-25 13:00,20.3627,34.465,454.2033,97.6333,2.0715,0.2621,0
2018-07-25 14:00,20.543,68.139,431.29,99.8633,0.8332,0.061,0
2018-07-25 15:00,20.6313,104.1,427.7883,99.7567,0.9059,0,0
2018-07-25 16:00,20.9607,97.87,430.88,98.9483,1.3971,0,0
2018-07-25 17:00,21.3393,77.5047,432.6333,93.0983,2.3998,0.0061,0
2018-07-25 18:00,20.8595,37.3638,427.045,96.6133,2.6114,0,0
2018-07-25 19:00,20.4727,7.0547,424.0467,99.3583,1.9741,0,0
2018-07-25 20:00,20.6812,0,424.66,96.25,1.8341,0,0
2018-07-25 21:00,20.6872,0.0083,427.3217,96.1667,1.7745,0,0
2018-07-25 22:00,21.2895,0.0426,420.3517,90.0067,2.9288,0,0
2018-07-25 23:00,21.3028,0.3672,425.4417,89.8183,3.6865,0,0
2018-07-26 00:00,21.206,0.0055,423.1717,91.275,2.737,0,0
2018-07-26 01:00,20.094,0,407.8683,99.0533,2.6297,0,0
2018-07-26 02:00,19.8375,0,396.055,99.89,2.3625,0,0
2018-07-26 03:00,19.9018,0,392.4117,100,2.6089,0,0
2018-07-26 04:00,20.274,0,391.1567,98.85,2.0079,0,0
2018-07-26 05:00,21.354,5.322,389.485,89.1,3.7563,0,0
2018-07-26 06:00,21.5048,33.585,366.6567,87.9167,4.1608,0,0
2018-07-26 07:00,21.4827,244.4608,368.09,88.755,3.6049,0,0
2018-07-26 08:00,22.4248,316.3732,381.585,83.575,4.6779,0,0
2018-07-26 09:00,23.4665,744.5433,398.5,78.4818,5.0246,0,0
2018-07-26 10:00,25.0345,735.465,400.6617,71.7817,2.3878,0,0
2018-07-26 11:00,28.5998,925.2967,405.56,68.7557,2.9296,0,0
2018-07-26 12:00,30.6135,902.8467,405.905,63.9558,2.1046,0,0
2018-07-26 13:00,31.9638,775.4067,408.5617,62.1843,1.7325,0,0
2018-07-26 14:00,32.6835,857.8766,404.7117,54.669,1.0851,0,0
2018-07-26 15:00,33.0483,633.6667,410.9583,60.5823,1.2102,0,0
2018-07-26 16:00,32.0339,350.663,416.0033,72.5585,0.9505,0,0
2018-07-26 17:00,25.7455,113.8822,412.775,81.0482,1.3438,0,0
2018-07-26 18:00,25.5772,43.4283,408.06,87.8917,1.5825,0,0
2018-07-26 19:00,22.8662,3.0288,398.6033,92.6083,1.3224,0,0
2018-07-26 20:00,21.8795,0,396.87,96.15,1.4449,0,0
2018-07-26 21:00,21.4923,0,383.8133,98.1183,1.8013,0,0
2018-07-26 22:00,21.0375,0,384.2117,98.805,1.8667,0,0
2018-07-26 23:00,20.7072,0,381.3067,99.4417,2.7599,0,0
2018-07-27 00:00,20.4995,0,377.1333,99.15,3.1388,0,0
2018-07-27 01:00,20.2633,0,386.4233,98.5833,2.3525,0,0
2018-07-27 02:00,20.2508,0,403.49,98.19,1.9354,0,0
2018-07-27 03:00,20.4962,0,402.4917,97.9617,2.2678,0,0
2018-07-27 04:00,20.1963,0,399.9033,97.995,1.8481,0,0
2018-07-27 05:00,20.1547,14.2303,399.075,97.2017,2.2583,0,0
2018-07-27 06:00,20.8385,71.8822,399.13,95.73,1.938,0,0
2018-07-27 07:00,22.4313,219.9283,402.3333,86.6985,1.5732,0,0
2018-07-27 08:00,23.6053,307.5233,404.605,76.1047,1.4982,0,0
2018-07-27 09:00,27.9818,699.95,403.71,70.9133,1.2889,0,0
2018-07-27 10:00,29.0135,488.625,422.6,70.7993,0.6603,0,0
2018-07-27 11:00,30.4312,634.8817,431.7267,61.2063,0.5924,0,0
2018-07-27 12:00,33.0595,771.1133,436.7133,57.8077,1.5505,0,0
2018-07-27 13:00,33.7263,815.955,426.27,59.7322,1.7314,0,0
2018-07-27 14:00,32.072,391.3833,443.7833,69.274,1.4132,0,0
2018-07-27 15:00,28.9076,506.2333,441.6767,76.0602,1.0955,0,0
2018-07-27 16:00,31.8061,448.02,424.0283,68.3948,1.0316,0,0
2018-07-27 17:00,30.4959,246.9028,422.3517,75.8882,1.3103,0,0
2018-07-27 18:00,27.7106,34.6398,409.68,81.4148,1.5283,0,0
2018-07-27 19:00,24.4053,2.1897,396.6,86.37,2.4236,0,0
2018-07-27 20:00,22.423,0,387.8417,90.205,2.9235,0,0
2018-07-27 21:00,22.1068,0,386.5783,89.7383,3.034,0,0
2018-07-27 22:00,21.3647,0,380.02,90.075,2.7492,0,0
2018-07-27 23:00,21.8032,0,378.4983,84.252,3.2431,0,0
2018-07-28 00:00,23.0307,0,372.8717,72.6603,4.3179,0,0
2018-07-28 01:00,22.7302,0,375.575,74.1368,4.8841,0,0
2018-07-28 02:00,22.2267,0,376.9233,75.5188,3.922,0,0
2018-07-28 03:00,20.3473,0,385.565,86.9523,1.662,0,0
2018-07-28 04:00,20.1588,0,402.39,91.3667,2.2543,0,0
2018-07-28 05:00,20.3263,7.9682,385.2317,89.925,1.5769,0,0
2018-07-28 06:00,20.4197,53.5695,375.625,88.7883,1.5883,0,0
2018-07-28 07:00,21.7167,248.9948,381.0983,77.2297,2.2446,0,0
2018-07-28 08:00,22.6487,339.5633,388.5483,69.9405,2.9717,0,0
2018-07-28 09:00,23.3713,559.6183,410.4067,63.6428,3.6225,0,0
2018-07-28 10:00,24.4877,856.1467,392.5833,60.3558,2.7885,0,0
2018-07-28 11:00,27.7797,918.09,399.2617,59.1028,2.944,0,0
2018-07-28 12:00,29.3952,981.9117,393.39,53.136,2.0559,0,0
2018-07-28 13:00,28.2445,684.6,405.395,47.3213,1.477,0,0
2018-07-28 14:00,27.8093,610.2617,415.84,50.0672,2.2672,0,0
2018-07-28 15:00,27.987,326.095,421.2967,55.9638,1.8637,0,0
2018-07-28 16:00,27.4848,328.2717,399.4467,57.6842,2.2158,0,0
2018-07-28 17:00,26.9817,245.7833,378.0383,49.9678,2.6071,0,0
2018-07-28 18:00,25.1017,36.5518,380.125,59.0372,2.36,0,0
2018-07-28 19:00,21.7798,2.1653,369.725,74.1338,2.3844,0,0
2018-07-28 20:00,20.0393,0,360.2967,80.1747,2.9797,0,0
2018-07-28 21:00,21.0206,0,365.575,83.8982,4.0853,0,0
2018-07-28 22:00,22.3578,0,365.8983,83.43,3.2866,0,0
2018-07-28 23:00,22.1292,0,358.9817,84.885,3.3448,0,0
2018-07-29 00:00,22.4207,0,397.0333,82.17,3.4146,0,0
2018-07-29 01:00,22.6952,0,375.785,77.823,3.0597,0,0
2018-07-29 02:00,22.81,0,383.21,73.8985,3.105,0,0
2018-07-29 03:00,22.0825,0,404.5883,76.216,3.0574,0,0
2018-07-29 04:00,21.6943,0,408.315,77.7152,2.5601,0,0
2018-07-29 05:00,21.5698,6.3136,414.3417,82.0342,2.1674,0,0
2018-07-29 06:00,21.734,83.4392,383.9583,81.0847,1.5837,0,0
2018-07-29 07:00,22.103,153.3233,392.2183,83.4283,0.8382,0,0
2018-07-29 08:00,22.276,242.7633,389.2817,72.7153,1.2577,0,0
2018-07-29 09:00,23.7862,550.1683,409.465,60.7993,1.531,0,0
2018-07-29 10:00,23.1718,499.7417,415.8,63.9177,1.8754,0,0
2018-07-29 11:00,24.8847,846.1917,406.5,58.9882,2.05,0,0
2018-07-29 12:00,27.358,915.8033,409.5433,61.1338,2.5023,0,0
2018-07-29 13:00,27.9327,632.1816,416.285,62.9537,1.6549,0,0
2018-07-29 14:00,29.1779,455.52,418.875,65.9037,1.2293,0,0
2018-07-29 15:00,29.9988,661.2783,403.2733,70.4317,1.3296,0,0
2018-07-29 16:00,29.9506,487.3933,399.495,70.0368,1.72,0,0
2018-07-29 17:00,29.2599,202.3545,403.4667,71.9167,1.4425,0,0
2018-07-29 18:00,27.5004,47.8952,402.6483,73.3115,0.9239,0,0
2018-07-29 19:00,25.8245,3.5607,398.9967,77.5893,1.0453,0,0
2018-07-29 20:00,24.2977,0,403.0867,75.3552,0.9304,0,0
2018-07-29 21:00,24.1098,0,400.67,75.9818,1.0656,0,0
2018-07-29 22:00,24.0658,0,400.0133,78.9822,1.562,0,0
2018-07-29 23:00,23.197,0,407.4917,83.7317,1.1137,0,0
2018-07-30 00:00,22.6462,0,399.245,86.8033,1.0878,0,0
2018-07-30 01:00,21.9598,0,428.55,90.47,1.3069,0,0
2018-07-30 02:00,21.608,0,434.39,94.785,1.202,0,0
2018-07-30 03:00,21.3915,0,434.115,96.9917,1.2711,0,0
2018-07-30 04:00,21.3158,0,434.8967,98.4033,1.2778,0,0
2018-07-30 05:00,21.2405,1.8808,434.0617,99.1833,0.9256,0,0
2018-07-30 06:00,21.2093,25.4157,434.2633,98.285,1.2276,0,0
2018-07-30 07:00,21.4565,58.5738,435.0433,96.2183,1.1088,0,0
2018-07-30 08:00,21.5562,70.8338,437.0667,96.1617,0.8997,0,0
2018-07-30 09:00,21.8678,94.99,437.3617,93.1283,1.1603,0,0
2018-07-30 10:00,22.0283,116.5748,439.8983,93.7867,0.4643,0,0
2018-07-30 11:00,23.7093,723.6967,420.4267,83.303,1.8988,0,0
2018-07-30 12:00,26.8382,782.9434,424.845,76.96,1.9235,0,0
2018-07-30 13:00,31.0615,551.965,435.3733,80.0368,1.6784,0,0
2018-07-30 14:00,30.5408,440.1183,424.97,78.2343,1.7293,0,0
2018-07-30 15:00,30.1278,438.21,416.6383,75.967,1.583,0,0
2018-07-30 16:00,30.382,474.7817,409.655,77.4525,1.6191,0,0
2018-07-30 17:00,25.9321,98.418,443.12,80.079,3.0806,0,0
2018-07-30 18:00,23.5667,34.0328,444.665,81.2067,1.8985,0.0061,0
2018-07-30 19:00,21.7828,3.2116,440.005,89.87,1.4845,0.0122,0
2018-07-30 20:00,21.2305,0.1524,433.9633,87.455,2.1799,0,0
2018-07-30 21:00,20.7257,0,429.445,86.5067,1.6146,0.0061,0
2018-07-30 22:00,20.288,0,425.4533,88.3767,1.2513,0.0061,0
2018-07-30 23:00,20.1558,0,425.72,96.69,0.8774,0,0
2018-07-31 00:00,20.1868,0,429.0117,97.985,0.6578,0,0
2018-07-31 01:00,19.9953,0,429.4417,98.1967,0.9004,0,0
2018-07-31 02:00,20.1105,0,429.0067,96.79,0.9722,0,0
2018-07-31 03:00,20.2127,0,429.2583,97.5933,0.7718,0,0
2018-07-31 04:00,19.954,0,429.2983,98.0117,0.8928,0,0
2018-07-31 05:00,20.0748,5.4281,428.8517,99.31,0.8138,0,0
2018-07-31 06:00,19.735,22.6683,428.8067,99.9267,1.2224,0.0061,0
2018-07-31 07:00,20.2553,93.0638,430.3217,99.98,0.8928,0,0
2018-07-31 08:00,20.3728,140.0233,435.3283,99.8983,1.4773,0,0
2018-07-31 09:00,20.562,137.8783,437.945,99.8817,1.3967,0,0
2018-07-31 10:00,20.7453,125.7837,439.4683,99.84,1.3337,0,0
2018-07-31 11:00,21.0607,207.97,441.3083,99.8483,1.7864,0,0
2018-07-31 12:00,21.6538,411.1433,447.32,99.6983,2.0185,0,0
2018-07-31 13:00,22.4873,460.3517,443.6867,96.2283,1.8706,0,0
2018-07-31 14:00,24.4105,491.7717,432.3183,87.4267,2.0074,0,0
2018-07-31 15:00,26.3193,218.1717,432.8933,86.1117,2.0675,0,0
2018-07-31 16:00,25.9798,186.808,435.995,88.135,1.4308,0,0
2018-07-31 17:00,24.4437,18.8393,455.73,97.1017,0.4803,0.0244,0
2018-07-31 18:00,23.732,16.695,447.9867,99.9733,0.4348,0.0244,0
2018-07-31 19:00,22.8528,3.0791,444.8033,99.8633,0.4925,0,0
2018-07-31 20:00,22.5655,0,443.71,99.77,0.1984,0,0
2018-07-31 21:00,22.3853,0,443.395,99.7333,0.1945,0.0488,0
2018-07-31 22:00,22.3567,0,442.27,99.7083,1.1443,0.0366,0
2018-07-31 23:00,22.177,0,441.6833,99.7067,1.4069,0,0
2018-08-01 00:00,20.9428,0,438.9467,99.6933,0.5149,0,0
2018-08-01 01:00,20.591,0,435.3733,99.66,0.4428,0,0
2018-08-01 02:00,20.8377,0,435.065,99.66,1.1082,0.0061,0
2018-08-01 03:00,20.642,0,434.02,99.6583,2.1621,0,0
2018-08-01 04:00,20.544,0,433.8583,99.655,1.5439,0,0
2018-08-01 05:00,20.439,0.6817,433.7883,99.6867,1.8863,0,0
2018-08-01 06:00,20.5317,17.442,433.1867,99.6883,1.4557,0,0
2018-08-01 07:00,20.6865,39.3305,434.465,99.6933,1.9658,0,0
2018-08-01 08:00,21.2475,235.0663,438.9017,99.67,2.4842,0,0
2018-08-01 09:00,22.4982,376.7633,450.4883,94.275,2.6267,0,0
2018-08-01 10:00,23.7863,439.8117,451.03,85.6,2.482,0,0
2018-08-01 11:00,28.2122,566.4384,438.9267,81.6492,2.8806,0,0
2018-08-01 12:00,29.4186,956.935,416.2633,76.587,4.3568,0,0
2018-08-01 13:00,30.2127,713.0667,430.2133,74.3225,4.0573,0,0
2018-08-01 14:00,30.9495,327.4407,445.93,78.4832,3.2168,0,0
2018-08-01 15:00,25.8921,165.7328,463.3317,94.0017,1.9432,0.1097,0
2018-08-01 16:00,24.03,133.8383,454.115,95.1617,1.0806,0,0
2018-08-01 17:00,23.5453,28.823,450.9283,98.8617,0.6945,0.0305,0
2018-08-01 18:00,23.2823,63.3375,441.8283,99.9583,0.8916,0.0122,0
2018-08-01 19:00,22.3673,9.9647,435.895,98.8117,1.1796,0,0
2018-08-01 20:00,21.6653,0,435.8517,99.4433,0.8852,0.0183,0
2018-08-01 21:00,21.3872,0,432.05,99.71,0.4183,0.0061,0
2018-08-01 22:00,21.527,0.006,433.765,99.785,0.9221,0,0
2018-08-01 23:00,21.5545,0,437.8967,99.7683,1.4638,0,0
2018-08-02 00:00,21.223,0,438.095,99.75,2.0479,0,0
2018-08-02 01:00,21.1292,0,436.8217,99.7533,1.8923,0,0
2018-08-02 02:00,21.1808,0,436.85,99.75,1.9953,0,0
2018-08-02 03:00,21.0862,0,436.1183,99.77,1.9315,0.1402,0
2018-08-02 04:00,20.9783,0,434.2633,99.77,1.6994,0.0183,0
2018-08-02 05:00,21.1877,4.2086,434.3583,99.7617,2.535,0.0122,0
2018-08-02 06:00,21.4765,9.0983,435.9533,99.7667,3.0345,0,0
2018-08-02 07:00,21.8073,103.1082,439.6917,99.7667,1.5084,0,0
2018-08-02 08:00,21.9717,144.8933,447.705,99.72,1.3215,0,0
2018-08-02 09:00,22.1098,140.1127,449.2133,99.69,1.5734,0,0
2018-08-02 10:00,22.9453,401.235,454.8933,92.5717,2.1935,0,0
2018-08-02 11:00,25.685,717.9017,450.6567,83.115,1.6982,0,0
2018-08-02 12:00,27.9605,422.465,449.5583,80.7047,1.1777,0,0
2018-08-02 13:00,29.4887,577.1542,443.515,81.7237,1.8579,0,0
2018-08-02 14:00,23.8281,61.3542,463.9517,98.2233,1.9498,0.4267,0
2018-08-02 15:00,21.8093,112.3875,442.7667,99.3333,1.0475,0.128,0
2018-08-02 16:00,21.377,20.1138,438.76,99.3717,1.0277,0.0183,0
2018-08-02 17:00,21.057,40.2212,435.1,99.7283,0.9549,0.0427,0
2018-08-02 18:00,20.7168,44.826,432.995,99.2467,1.3782,0,0
2018-08-02 19:00,20.677,2.5428,433.4,98.51,1.0438,0,0
2018-08-02 20:00,20.7852,0,432.425,99.69,1.5352,0.0183,0
2018-08-02 21:00,20.646,0,432.4867,99.6933,1.5402,0.0061,0
2018-08-02 22:00,20.4043,0,431.215,99.71,2.2638,0,0
2018-08-02 23:00,20.269,0,430.1133,99.7217,1.8635,0,0
2018-08-03 00:00,20.1273,0,430.0033,99.7133,1.5438,0,0
2018-08-03 01:00,20.0313,0,430.1333,99.7,0.5524,0,0
2018-08-03 02:00,19.919,0,428.88,99.7517,1.208,0,0
2018-08-03 03:00,19.8278,0,428.505,99.7533,1.2513,0,0
2018-08-03 04:00,19.724,0,428.2017,99.84,2.3455,0,0
2018-08-03 05:00,19.7345,2.2871,427.4567,99.8533,0.8563,0.0061,0
2018-08-03 06:00,19.8253,20.9573,427.7633,99.8383,0.8608,0.0122,0
2018-08-03 07:00,20.0283,61.3427,429.165,99.8517,1.0034,0.0122,0
2018-08-03 08:00,20.1887,90.9408,430.245,99.8467,1.64,0.0061,0
2018-08-03 09:00,20.3465,87.8835,430.9833,99.8383,2.3199,0.0061,0
2018-08-03 10:00,20.6752,129.7428,433.1817,99.78,2.2049,0,0
2018-08-03 11:00,20.9328,102.4532,435.9333,99.7467,1.7791,0.0122,0
2018-08-03 12:00,21.4522,202.4687,438.7267,99.6117,2.1835,0.0244,0
2018-08-03 13:00,21.6733,164.9413,439.65,99.6217,2.3975,0.061,0
2018-08-03 14:00,22.0045,142.5767,441.825,99.5317,2.4362,0.0488,0
2018-08-03 15:00,22.289,291.1783,446.6117,94.82,1.7943,0,0
2018-08-03 16:00,21.8288,264.3635,448.0017,95.4017,0.8562,0.0366,0
2018-08-03 17:00,22.4272,262.755,450.8533,90.76,2.6266,0,0
2018-08-03 18:00,22.0143,30.7943,445.7167,95.61,1.8114,0,0
2018-08-03 19:00,21.3533,2.7112,438.4333,99.5567,1.7867,0,0
2018-08-03 20:00,20.6582,0,433.6767,99.575,0.9209,0,0
2018-08-03 21:00,20.15,0,429.9883,99.5983,1.6949,0,0
2018-08-03 22:00,19.7897,0,427.0667,99.605,1.4896,0,0
2018-08-03 23:00,19.5698,0,425.0933,99.6433,1.8043,0,0
2018-08-04 00:00,19.5177,0,424.0117,99.6717,1.7644,0,0
2018-08-04 01:00,19.6987,0,423.69,99.6633,1.3047,0,0
2018-08-04 02:00,20.1428,0,423.8517,99.6333,1.2223,0,0
2018-08-04 03:00,21.5518,0,428.8217,94.19,3.0008,0,0
2018-08-04 04:00,20.9437,0,431.1133,96.595,2.0626,0,0
2018-08-04 05:00,20.2473,7.7955,428.5,99.0617,1.6353,0,0
2018-08-04 06:00,20.3582,49.3548,428.1117,99.4967,1.6355,0,0
2018-08-04 07:00,21.0998,206.5947,432.5883,96.5167,0.7227,0,0
2018-08-04 08:00,23.3757,318.6583,447.5467,85.2517,0.8597,0,0
2018-08-04 09:00,25.2325,712.1884,422.835,74.3117,1.1167,0,0
2018-08-04 10:00,25.5305,843.1517,400.625,68.8275,1.8198,0,0
2018-08-04 11:00,27.4757,935.2833,399.1317,63.0447,1.7199,0,0
2018-08-04 12:00,31.4916,957.125,400.86,59.2463,1.593,0,0
2018-08-04 13:00,30.5065,909.32,405.2933,55.7993,1.5094,0,0
2018-08-04 14:00,32.5917,811.1967,408.7783,51.9563,1.018,0,0
2018-08-04 15:00,29.712,401.6883,421.46,66.4327,1.1055,0,0
2018-08-04 16:00,31.017,382.7067,418.8983,84.1447,1.2428,0,0
2018-08-04 17:00,29.9492,226.5458,400.4133,74.6233,0.5986,0,0
2018-08-04 18:00,28.7055,47.9883,409.8567,90.4447,0.4367,0,0
2018-08-04 19:00,25.2228,5.8088,413.1517,95.18,0.9252,0,0
2018-08-04 20:00,23.6892,0,405.9183,99.02,1.2401,0,0
2018-08-04 21:00,22.4965,0,405.7783,99.425,1.5553,0,0
2018-08-04 22:00,21.8048,0,399.7,99.4833,1.9665,0,0
2018-08-04 23:00,21.5662,0,402.5167,99.7167,2.1758,0,0
2018-08-05 00:00,21.5177,0,403.765,99.7133,1.8099,0,0
2018-08-05 01:00,21.4337,0,401.115,99.745,2.1087,0,0
2018-08-05 02:00,21.4917,0,400.2733,99.6983,2.7301,0,0
2018-08-05 03:00,21.236,0,379.96,98.9783,1.4144,0,0
2018-08-05 04:00,20.479,0,374.145,99.455,2.2412,0,0
2018-08-05 05:00,20.3617,4.0135,371.3017,99.3467,3.4687,0,0
2018-08-05 06:00,20.7195,34.043,370.4883,99.4533,1.943,0,0
2018-08-05 07:00,22.6077,189.6672,371.745,90.895,0.9535,0,0
2018-08-05 08:00,26.7308,300.1703,389.7883,82.9813,0.9279,0,0
2018-08-05 09:00,29.8538,687.125,407.8117,78.4508,2.197,0,0
2018-08-05 10:00,29.1875,827.7783,413.0283,73.3342,2.4779,0,0
2018-08-05 11:00,31.3835,919.6334,417.8983,61.7563,2.7234,0,0
2018-08-05 12:00,33.1265,965.45,416.8217,56.8232,1.8445,0,0
2018-08-05 13:00,32.0833,746.0667,434.76,61.8342,1.3105,0,0
2018-08-05 14:00,30.5362,647.5467,431.7067,63.8232,1.4345,0,0
2018-08-05 15:00,30.593,685.78,409.17,52.3105,0.9293,0,0
2018-08-05 16:00,28.6253,384.7885,421.6433,68.8487,0.98740000000000006,0,0
2018-08-05 17:00,26.525,90.456,424.075,83.57,1.3319,0,0
2018-08-05 18:00,27.2367,35.2833,408.215,88.9033,1.6386,0,0
2018-08-05 19:00,25.8485,1.4088,400.255,95.0183,2.0823,0,0
2018-08-05 20:00,24.4377,0,393.5817,98.3983,1.766,0,0
2018-08-05 21:00,22.985,0,388.605,99.305,1.8887,0,0
2018-08-05 22:00,21.7102,0,386.8883,98.9433,1.891,0,0
2018-08-05 23:00,21.2917,0,384.0767,99.1433,1.9975,0,0
2018-08-06 00:00,21.017,0,382.1117,99.4067,2.233,0,0
2018-08-06 01:00,20.9472,0,380.145,99.6867,2.3494,0,0
2018-08-06 02:00,21.1822,0,379.8,99.8383,2.448,0,0
2018-08-06 03:00,21.3603,0,378.4967,99.585,3.1442,0,0
2018-08-06 04:00,21.196,0,374.49,99.255,3.6989,0,0
2018-08-06 05:00,20.9383,3.5924,372.4967,99.63,3.1602,0,0
2018-08-06 06:00,21.5193,33.2423,369.8967,97.725,3.143,0,0
2018-08-06 07:00,22.99,183.1882,375.7083,88.46,1.9092,0,0
2018-08-06 08:00,26.4748,281.3133,389.3883,79.8432,2.0782,0,0
2018-08-06 09:00,29.2526,620.085,398.71,78.1535,1.8817,0,0
2018-08-06 10:00,31.4282,829.7183,408.2533,71.8538,3.0069,0,0
2018-08-06 11:00,31.549,921.05,411.5517,64.4675,3.4068,0,0
2018-08-06 12:00,31.2833,928.0467,413.3583,57.053,2.0757,0,0
2018-08-06 13:00,31.4263,912.8167,416.2867,52.2585,1.8608,0.0061,0
2018-08-06 14:00,31.0808,794.4316,423.38,51.4298,1.3535,0,0
2018-08-06 15:00,29.799,365.2367,445.6483,63.283,0.8821,0,0
2018-08-06 16:00,28.6533,49.6143,465.4333,79.3515,1.579,0,0
2018-08-06 17:00,26.3964,48.8345,449.0667,94.1483,1.9308,0,0
2018-08-06 18:00,25.2152,54.9652,430.6867,97.8567,1.3864,0,0
2018-08-06 19:00,25.0616,1.6289,422.77,98.105,1.5438,0,0
2018-08-06 20:00,23.6867,0.0414,414.1183,94.29,1.5648,0,0
2018-08-06 21:00,23.5855,0,406.2867,93.9333,2.5434,0,0
2018-08-06 22:00,22.069,0,402.41,96.685,2.0839,0,0
2018-08-06 23:00,23.4588,0,396.1783,87.709,2.2781,0,0
2018-08-07 00:00,25.4372,0,387.1517,81.0705,3.394,0,0
2018-08-07 01:00,25.2758,0,403.425,82.3317,2.7541,0,0
2018-08-07 02:00,23.6353,0,404.3717,91.0983,2.0208,0,0
2018-08-07 03:00,23.3632,0,391,89.33,2.5871,0,0
2018-08-07 04:00,22.0293,0,386.17,94.055,2.1026,0,0
2018-08-07 05:00,22.5842,4.5059,385.295,88.6883,2.7829,0,0
2018-08-07 06:00,22.7267,39.6012,386.6483,88.4183,2.6659,0,0
2018-08-07 07:00,24.536,194.3775,399.24,82.4405,3.425,0,0
2018-08-07 08:00,26.4232,288.1033,401.3017,80.6807,3.1834,0,0
2018-08-07 09:00,29.2536,666.3483,413.4717,79.3203,2.2536,0,0
2018-08-07 10:00,31.2199,799.095,420.8683,74.8075,1.4355,0,0
2018-08-07 11:00,31.6198,877.6717,435.2983,68.0015,1.5897,0,0
2018-08-07 12:00,33.2959,774.6733,435.7867,61.327,1.991,0,0
2018-08-07 13:00,33.168,898.405,427.1417,53.3982,1.9253,0,0
2018-08-07 14:00,30.552,660.7333,445.69,59.5033,1.7747,0,0
2018-08-07 15:00,28.4968,136.9967,461.8483,80.715,3.0373,0,0
2018-08-07 16:00,28.5867,165.52,423.9167,78.4245,1.3099,0,0
2018-08-07 17:00,28.1683,87.7568,425.8683,69.5823,1.48,0,0
2018-08-07 18:00,27.3311,37.4725,422.0767,83.2662,2.8395,0,0
2018-08-07 19:00,25.6495,1.9158,420.685,91.3067,2.6077,0,0
2018-08-07 20:00,24.7935,0,401.325,93.0067,2.2194,0,0
2018-08-07 21:00,22.4105,0,391.095,95.4367,2.0759,0,0
2018-08-07 22:00,21.9765,0,386.1483,95.35,2.5365,0,0
2018-08-07 23:00,23.7982,0.0023,387.5183,87.7117,1.939,0,0
2018-08-08 00:00,25.3353,0,392.0733,86.4333,1.524,0,0
2018-08-08 01:00,24.8385,0,393.215,86.4017,1.433,0,0
2018-08-08 02:00,24.7527,0,392.055,82.895,3.2311,0,0
2018-08-08 03:00,24.3462,0,389.4367,85.065,3.9679,0,0
2018-08-08 04:00,23.7953,0,385.6,84.89,3.3694,0,0
2018-08-08 05:00,23.45,5.1036,387.86,80.5428,3.2046,0,0
2018-08-08 06:00,23.5247,63.489,403.2367,77.7322,2.6987,0,0
2018-08-08 07:00,23.8992,126.8767,419.8717,75.3498,3.0412,0,0
2018-08-08 08:00,25.0067,263.3163,401.495,74.3058,2.4037,0,0
2018-08-08 09:00,29.1488,681.68,408.3133,70.8913,1.422,0,0
2018-08-08 10:00,31.0762,816.9733,422.5967,66.623,1.311,0,0
2018-08-08 11:00,30.746,586.1266,454.6967,65.3148,1.6366,0,0
2018-08-08 12:00,29.8368,513.6067,453.7467,67.9892,1.544,0,0
2018-08-08 13:00,29.5547,657.2233,442.1567,59.5467,1.4188,0,0
2018-08-08 14:00,29.465,670.815,423.9383,65.6565,1.2256,0,0
2018-08-08 15:00,29.5243,287.48,440.5933,56.8627,2.2579,0,0
2018-08-08 16:00,28.7123,449.465,413.5483,61.273,1.4911,0,0
2018-08-08 17:00,28.8475,187.2057,416.8017,65.4197,2.2441,0,0
2018-08-08 18:00,28.9523,38.848,422.805,69.6367,1.754,0,0
2018-08-08 19:00,26.7508,1.2064,416.9683,71.824700000000007,1.9474,0,0
2018-08-08 20:00,26.1315,0,418.9067,75.1203,2.0847,0,0
2018-08-08 21:00,26.4987,0,413.0833,80.7443,2.1013,0,0
2018-08-08 22:00,24.8287,0,419.575,79.3768,2.9005,0,0
2018-08-08 23:00,24.4277,0,411.6783,85.3367,3.7716,0,0
2018-08-09 00:00,23.4023,0,397.1783,82.9583,3.6604,0,0
2018-08-09 01:00,22.6445,0,390.8633,85.2783,3.242,0,0
2018-08-09 02:00,22.16,0,387.55,84.8867,3.3193,0,0
2018-08-09 03:00,22.291,0,396.6683,83.835,3.2687,0,0
2018-08-09 04:00,22.2453,0,409.9533,83.315,3.7975,0,0
2018-08-09 05:00,22.3155,3.4335,378.9067,82.27,4.1043,0,0
2018-08-09 06:00,22.2798,42.7415,370.7217,81.6517,3.5764,0,0
2018-08-09 07:00,23.2157,185.516,369.4983,76.2468,2.0121000000000002,0,0
2018-08-09 08:00,25.1036,326.985,383.5633,72.555,2.8572,0,0
2018-08-09 09:00,28.2065,639.5084,401.2967,67.5765,1.9459,0,0
2018-08-09 10:00,29.2992,827.225,412.9183,63.8407,3.8165,0,0
2018-08-09 11:00,31.0747,888.46,414.475,60.7698,2.684,0,0
2018-08-09 12:00,30.627,922.995,416.5633,56.4152,2.0018,0,0
2018-08-09 13:00,30.1542,903.7466,418.8917,49.188,2.2244,0,0
2018-08-09 14:00,30.3802,746.5117,419.5583,48.0448,1.8995,0,0
2018-08-09 15:00,30.5117,663.0634,401.1767,46.4027,2.0023,0,0
2018-08-09 16:00,30.622,501.8883,397.26,45.588,2.1374,0,0
2018-08-09 17:00,29.9072,160.0133,403.9617,59.9147,1.53,0,0
2018-08-09 18:00,26.951,38.9313,401.5967,74.259,1.8215,0,0
2018-08-09 19:00,24.0353,1.3906,394.235,83.2125,2.5524,0,0
2018-08-09 20:00,22.2605,0,387.0333,84.715,2.8567,0,0
2018-08-09 21:00,21.6918,0,389.535,88.8933,3.6884,0,0
2018-08-09 22:00,22.1992,0,385.0817,84.1333,3.4507,0,0
2018-08-09 23:00,22.1455,0,374.575,79.5615,3.4855,0,0
2018-08-10 00:00,21.7297,0,371.2483,80.9693,3.4222,0,0
2018-08-10 01:00,21.4593,0,367.6067,84.865,2.7192,0,0
2018-08-10 02:00,20.5517,0,364.9167,92.5017,2.9817,0,0
2018-08-10 03:00,19.7252,0,360.4767,96.115,2.665,0,0
2018-08-10 04:00,19.5837,0,359.3183,97.5433,2.3928,0,0
2018-08-10 05:00,19.8145,3.3786,358.8917,97.795,2.4836,0,0
2018-08-10 06:00,19.9973,34.3825,355.5383,97.5017,2.5455,0,0
2018-08-10 07:00,21.2192,159.4208,356.89,89.5,1.6693,0,0
2018-08-10 08:00,23.8612,315.0845,371.7867,74.6335,3.3583,0,0
2018-08-10 09:00,27.0513,637.76,387.6,72.6513,3.7835,0,0
2018-08-10 10:00,28.7241,809.98,393.8433,69.28,3.2928,0,0
2018-08-10 11:00,30.0851,835.8933,402.9283,70.469,1.9848,0,0
2018-08-10 12:00,31.6903,672.2683,414.5683,64.5703,1.3887,0,0
2018-08-10 13:00,32.3408,901.9667,401.8117,56.4438,1.1043,0,0
2018-08-10 14:00,32.546,718.0767,409.0283,56.0958,1.3437,0,0
2018-08-10 15:00,31.2334,626.57,414.015,54.3007,1.6816,0,0
2018-08-10 16:00,30.7142,474.9317,407.4067,55.831,1.4073,0,0
2018-08-10 17:00,30.9291,160.01,421.5783,70.214,1.0319,0,0
2018-08-10 18:00,28.5323,43.1428,429.9433,82.8667,1.0202,0,0
2018-08-10 19:00,26.768,1.2003,434.3483,81.4987,0.34,0,0
2018-08-10 20:00,25.6338,0,433.4283,83.919,0.5941,0,0
2018-08-10 21:00,25.8495,0,429.6067,88.7783,1.0464,0,0
2018-08-10 22:00,24.1677,0,425.8217,89.6283,1.3945,0,0
2018-08-10 23:00,23.0388,0,423.6317,90.1917,1.7337,0,0
2018-08-11 00:00,22.4932,0,427.0283,91.1933,1.5987,0,0
2018-08-11 01:00,22.7903,0,433.07,91.23,1.8367,0.0061,0
2018-08-11 02:00,22.0933,0,438.24,95.1733,2.133,0.0061,0
2018-08-11 03:00,21.3712,0,435.4483,96.1033,1.2997,0.0061,0
2018-08-11 04:00,21.1735,0,433.5533,97.7733,2.5966,0,0
2018-08-11 05:00,21.2715,2.6181,432.585,99.2683,2.2709,0,0
2018-08-11 06:00,21.4725,59.5917,433.5967,98.9167,1.881,0,0
2018-08-11 07:00,21.8823,154.8648,438.5033,94.9883,1.4293,0,0
2018-08-11 08:00,22.6543,248.8683,451,87.36,1.5144,0,0
2018-08-11 09:00,23.785,298.3033,446.51,80.3467,2.2245,0,0
2018-08-11 10:00,26.9039,506.9567,421.0967,78.0908,1.5675,0,0
2018-08-11 11:00,29.8427,720.9384,418.325,74.434,1.3852,0,0
2018-08-11 12:00,30.1828,606.4966,435.3417,70.846,1.161,0,0
2018-08-11 13:00,31.2533,785.0067,433.5833,61.9255,1.5041,0,0
2018-08-11 14:00,29.9717,635.6583,429.145,67.0097,1.671,0,0
2018-08-11 15:00,30.1327,549.3617,421.4567,66.188,1.2838,0,0
2018-08-11 16:00,28.222,99.8063,451.4367,78.07,1.5058,0.0244,0
2018-08-11 17:00,26.498,166.3087,462.99,98.045,1.2973,0.0061,0
2018-08-11 18:00,25.3462,41.1526,450.005,99.8423,1.2407,0,0
2018-08-11 19:00,22.6696,0.2608,439.435,98.7,1.0439,0,0
2018-08-11 20:00,21.7788,0,431.8967,99.46,1.4061,0,0
2018-08-11 21:00,21.4313,0,428.9633,99.7,2.0968,0,0
2018-08-11 22:00,21.2387,0,429.9217,99.6583,1.4824,0,0
2018-08-11 23:00,22.0722,0,431.3483,96.6917,2.1155,0,0
2018-08-12 00:00,21.3073,0,417.045,98.2083,2.3394,0,0
2018-08-12 01:00,21.2357,0,415.3117,99.9117,2.0842,0,0
2018-08-12 02:00,21.4152,0,411.625,99.99,2.2973,0,0
2018-08-12 03:00,21.2078,0,405.7167,99.8017,2.5813,0,0
2018-08-12 04:00,21.0988,0,403.6517,99.255,2.5373,0,0
2018-08-12 05:00,21.267,2.7366,394.6917,99.9767,2.7117,0,0
2018-08-12 06:00,21.2725,43.2003,381.255,99.9933,1.7488,0,0
2018-08-12 07:00,21.8945,171.52,381.7967,94.4533,0.8412,0,0
2018-08-12 08:00,23.062,167.805,417.4783,87.0533,1.161,0,0
2018-08-12 09:00,24.2782,448.565,402.6267,85.115,1.7571,0,0
2018-08-12 10:00,29.9333,468.425,426.1733,82.5803,1.1215,0,0
2018-08-12 11:00,29.6863,650.2667,427.6933,82.7238,1.8891,0,0
2018-08-12 12:00,26.5754,123.6747,459.075,91.215,2.2113,0.0427,0
2018-08-12 13:00,21.6565,149.3315,443.5017,90.0383,1.2689,0,0
2018-08-12 14:00,21.7387,268.82,442.5917,91.695,0.8421,0.0122,0
2018-08-12 15:00,22.6703,372.445,446.365,87.82,1.3134,0,0
2018-08-12 16:00,23.186,144.7117,441.7717,90.975,0.9562,0,0
2018-08-12 17:00,23.0462,135.6583,428.5083,87.1217,1.2854,0,0
2018-08-12 18:00,22.2465,59.7632,393.4317,91.1767,1.0868,0,0
2018-08-12 19:00,21.3247,1.5285,399.8383,96.7217,0.9302,0,0
2018-08-12 20:00,20.9285,0,379.2133,97.8917,1.076,0,0
2018-08-12 21:00,20.6163,0,414.695,98.3167,0.4861,0,0
2018-08-12 22:00,20.4558,0,425.3233,99.2233,1.5442,0,0
2018-08-12 23:00,19.9493,0,418.075,97.265,1.1986,0,0
2018-08-13 00:00,19.9713,0,407.5817,94.9583,0.8421,0,0
2018-08-13 01:00,19.7725,0,378.2733,98.115,1.3684,0,0
2018-08-13 02:00,20.087,0,372.26,99.6767,1.1317,0,0
2018-08-13 03:00,19.888,0,363.3217,99.955,1.5544,0,0
2018-08-13 04:00,19.7002,0,360.5967,99.9,1.6109,0,0
2018-08-13 05:00,20.0193,1.7264,359.51,99.6433,2.023,0,0
2018-08-13 06:00,20.2128,34.3502,389.7333,98.3633,3.3436,0,0
2018-08-13 07:00,20.5593,125.1745,361.95,94.665,2.6999,0,0
2018-08-13 08:00,21.3038,290.1333,369.1133,87.485,2.9143,0,0
2018-08-13 09:00,22.2615,689.5067,379.805,81.3313,3.3535,0,0
2018-08-13 10:00,25.6421,847.025,387.505,74.1827,2.466,0,0
2018-08-13 11:00,30.6365,676.24,422.135,74.2715,2.7415,0,0
2018-08-13 12:00,28.1475,695.185,413.11,64.4097,2.8027,0,0
2018-08-13 13:00,29.1985,956.8,391.85,60.3372,1.619,0,0
2018-08-13 14:00,27.991,372.7738,419.25,60.798,0.7586,0,0
2018-08-13 15:00,26.5458,80.6163,460.1633,88.8508,0.9689,0.0366,0
2018-08-13 16:00,20.7765,109.879,438.6167,84.2412,1.7849,0,0
2018-08-13 17:00,20.6662,113.8467,386.3983,88.7738,1.5767,0,0
2018-08-13 18:00,21.0558,40.0323,368.0717,83.3528,2.3597,0,0
2018-08-13 19:00,21.003,0.6729,361.4117,86.5512,2.3184,0,0
2018-08-13 20:00,22.2098,0,356.055,87.8193,3.9772,0,0
2018-08-13 21:00,20.3868,0,355.3683,86.0697,2.7157,0,0
2018-08-13 22:00,19.106,0,356.275,98.295,0.7897,0,0
2018-08-13 23:00,20.9827,0,372.97,98.5033,1.8998,0,0
2018-08-14 00:00,21.0956,0,358.29,99.9883,1.6442,0,0
2018-08-14 01:00,19.2579,0,348.1133,91.2167,1.8512,0,0
2018-08-14 02:00,20.9135,0,350.7267,84.6417,3.3353,0,0
2018-08-14 03:00,20.386,0,354.84,95.6683,2.3653,0,0
2018-08-14 04:00,19.0993,0,350.9533,99.9855,2.3183,0,0
2018-08-14 05:00,18.9559,2.3051,351.3133,100,2.9395,0,0
2018-08-14 06:00,18.9513,31.5867,351.99,98.9353,2.0926,0,0
2018-08-14 07:00,21.0858,155.6022,354.5633,81.3183,2.4712,0,0
2018-08-14 08:00,21.9658,301.2567,368.245,76.5702,1.8653,0,0
2018-08-14 09:00,23.6992,655.68,382.3133,73.1065,1.7042,0,0
2018-08-14 10:00,29.656,694.78,407.0967,76.132,1.6388,0,0
2018-08-14 11:00,28.8033,733.85,415.2233,73.205,2.6107,0,0
2018-08-14 12:00,29.3224,796.725,410.06,66.213,1.5258,0,0
2018-08-14 13:00,29.1886,935.2267,410.3433,56.608,1.114,0,0
2018-08-14 14:00,28.3885,500.5217,428.9367,58.9553,0.8011,0,0
2018-08-14 15:00,28.4195,571.8716,405.325,51.5137,1.6278,0,0
2018-08-14 16:00,28.9898,314.9633,418.4233,63.8748,1.4714,0,0
2018-08-14 17:00,28.5272,141.42,402.365,78.1492,1.2951,0,0
2018-08-14 18:00,25.6829,23.9472,389.8133,83.6183,1.6419,0,0
2018-08-14 19:00,21.572,0.4949,374.205,88.9233,1.8979,0,0
2018-08-14 20:00,21.6219,0,365.2133,95.4967,2.6298,0,0
2018-08-14 21:00,21.0957,0,359.5333,96.945,2.6512,0,0
2018-08-14 22:00,20.4021,0,355.6267,97.5983,3.0493,0,0
2018-08-14 23:00,19.654,0,354.6567,98.97,3.2414,0,0
2018-08-15 00:00,19.9911,0,355.0167,99.9983,3.5052,0,0
2018-08-15 01:00,20.7817,0,356.0333,99.6617,3.2542,0,0
2018-08-15 02:00,21.4707,0,355.2483,97.47,2.9532,0,0
2018-08-15 03:00,20.851,0,355.6333,98.255,2.9048,0,0
2018-08-15 04:00,20.8507,0,354.475,96.895,3.2276,0,0
2018-08-15 05:00,20.544,1.4842,355.0417,98.2667,3.3653,0,0
2018-08-15 06:00,21.1242,25.7613,355.58,95.9933,3.4443,0,0
2018-08-15 07:00,20.75,342.412,368,70.7,3.0891,0,0
2018-08-15 08:00,25.7511,516.7845,368,56.0703,2.1113,0,0
2018-08-15 09:00,29.4335,665.1863,368,45.3148,1.3805,0,0
2018-08-15 10:00,31.9259,777.4891,368,38.0618,0.8717,0,0
2018-08-15 11:00,33.357,846.0238,368,33.9395,0.5598,0,0
2018-08-15 12:00,33.8554,866.1044,368,32.5761,0.42,0,0
2018-08-15 13:00,33.55,778.4456,387,33.6,0.4272,0,0
2018-08-15 14:00,32.5778,706.2354,387,36.6136,0.555,0,0
2018-08-15 15:00,31.1092,594.421,387,41.1165,0.7712,0,0
2018-08-15 16:00,29.3232,450.6117,387,46.5827,1.0425,0,0
2018-08-15 17:00,27.3988,284.5986,387,52.4861,1.3352,0,0
2018-08-15 18:00,25.5147,107.6878,387,58.3005,1.6158,0,0
2018-08-15 19:00,23.85,0,367,63.5,1.8508,0,0
2018-08-15 20:00,22.5416,0,367,67.687,2.0139,0,0
2018-08-15 21:00,21.5594,0,367,70.9784,2.1069,0,0
2018-08-15 22:00,20.8312,0,367,73.6199,2.139,0,0
2018-08-15 23:00,20.2849,0,367,75.8569,2.1192,0,0
2018-08-16 00:00,19.8486,0,367,77.9351,2.0566,0,0
2018-08-16 01:00,19.45,0,357,80.1,1.9602,1e-4,0
2018-08-16 02:00,19.0488,0,357,82.4705,1.8407,1e-4,0
2018-08-16 03:00,18.7311,0,357,84.6587,1.7141,1e-4,0
2018-08-16 04:00,18.6146,0,357,86.1503,1.5981,1e-4,0
2018-08-16 05:00,18.8171,0,357,86.4306,1.5102,1e-4,0
2018-08-16 06:00,19.4563,108,357,84.9854,1.4682,1e-4,0
2018-08-16 07:00,20.65,343.7075,388,81.3,1.4896,0.0014,0
2018-08-16 08:00,22.4498,520.132,388,75.1377,1.5839,0.0014,0
2018-08-16 09:00,24.6423,670.2356,388,67.3719,1.7278,0.0014,0
2018-08-16 10:00,26.9481,783.7736,388,59.1541,1.8901,0.0014,0
2018-08-16 11:00,29.0876,852.9924,388,51.6353,2.0394,0.0014,0
2018-08-16 12:00,30.7815,873.1591,388,45.9669,2.1443,0.0014,0
2018-08-16 13:00,31.75,662.2023,416,43.3,2.1735,0.0088,0
2018-08-16 14:00,31.7989,600.3975,416,44.4173,2.1066,0.0088,0
2018-08-16 15:00,31.0738,504.7748,416,48.6276,1.9673,0.0088,0
2018-08-16 16:00,29.8055,381.8416,416,54.8709,1.7902,0.0088,0
2018-08-16 17:00,28.2249,239.9679,416,62.0873,1.6099,0.0088,0
2018-08-16 18:00,26.5628,88.8158,416,69.2169,1.4609,0.0088,0
2018-08-16 19:00,25.05,0,381,75.2,1.378,6e-4,0
2018-08-16 20:00,23.8655,0,381,79.2411,1.3851,6e-4,0
2018-08-16 21:00,22.9812,0,381,81.6029,1.4634,6e-4,0
2018-08-16 22:00,22.3173,0,381,82.8125,1.5838,6e-4,0
2018-08-16 23:00,21.7941,0,381,83.3971,1.7169,6e-4,0
2018-08-17 00:00,21.3316,0,381,83.8839,1.8334,6e-4,0
2018-08-17 01:00,20.85,0,367,84.8,1.9039,0,0
2018-08-17 02:00,20.3064,0,367,86.4664,1.9091,0,0
2018-08-17 03:00,19.8052,0,367,88.3794,1.8687,0,0
2018-08-17 04:00,19.4876,0,367,89.8292,1.8124,0,0
2018-08-17 05:00,19.4951,0,367,90.1058,1.7699,0,0
2018-08-17 06:00,19.9687,108,367,88.4993,1.7707,0,0
2018-08-17 07:00,21.05,340.9138,391,84.3,1.8446,0.0021,0
2018-08-17 08:00,22.8049,517.3061,391,77.1562,2.0103,0.0021,0
2018-08-17 09:00,24.9982,667.3354,391,68.1498,2.2436,0.0021,0
2018-08-17 10:00,27.3197,780.7617,391,58.7208,2.5092,0.0021,0
2018-08-17 11:00,29.4591,849.8391,391,50.3094,2.7719,0.0021,0
2018-08-17 12:00,31.106,869.844,391,44.3558,2.9966,0.0021,0
2018-08-17 13:00,31.95,812.2941,403,42.3,3.148,0.0126,0
2018-08-17 14:00,31.7775,736.0028,403,45.1046,3.2003,0.0126,0
2018-08-17 15:00,30.7613,618.0698,403,51.8215,3.1649,0.0126,0
2018-08-17 16:00,29.171,466.5208,403,61.0252,3.0623,0.0126,0
2018-08-17 17:00,27.276,291.6743,403,71.2899,2.9132,0.0126,0
2018-08-17 18:00,25.3458,105.4381,403,81.19,2.7384,0.0126,0
2018-08-17 19:00,23.65,0,388,89.3,2.5584,3e-4,0
2018-08-17 20:00,22.3963,0,388,94.5431,2.3905,3e-4,0
2018-08-17 21:00,21.5453,0,388,97.2383,2.238,3e-4,0
2018-08-17 22:00,20.9962,0,388,98.0536,2.1011,3e-4,0
2018-08-17 23:00,20.648,0,388,97.657,1.9795,3e-4,0
2018-08-18 00:00,20.3996,0,388,96.7165,1.8733,3e-4,0
2018-08-18 01:00,20.15,0,369,95.9,1.7824,0.0032,0
2018-08-18 02:00,19.8306,0,369,95.7033,1.7081,0.0032,0
2018-08-18 03:00,19.5019,0,369,95.9329,1.6564,0.0032,0
2018-08-18 04:00,19.2566,0,369,96.2231,1.6347,0.0032,0
2018-08-18 05:00,19.1876,0,369,96.2081,1.6504,0.0032,0
2018-08-18 06:00,19.3878,84,369,95.5224,1.7108,0.0032,0
2018-08-18 07:00,19.95,234.8659,398,93.8,1.8233,0.0048,0
2018-08-18 08:00,20.9231,357.368,398,90.8318,1.9893,0.0048,0
2018-08-18 09:00,22.1807,461.5272,398,87.0339,2.186,0.0048,0
2018-08-18 10:00,23.5524,540.234,398,82.9791,2.3848,0.0048,0
2018-08-18 11:00,24.8681,588.1135,398,79.2401,2.5568,0.0048,0
2018-08-18 12:00,25.9574,601.8915,398,76.3895,2.6735,0.0048,0
2018-08-18 13:00,26.65,661.6486,408,75,2.706,0.0079,0
2018-08-18 14:00,26.8234,599.1046,408,75.4646,2.6359,0.0079,0
2018-08-18 15:00,26.5459,502.5103,408,77.4574,2.4855,0.0079,0
2018-08-18 16:00,25.9337,378.4396,408,80.4729,2.2874,0.0079,0
2018-08-18 17:00,25.1029,235.3399,408,84.0055,2.074,0.0079,0
2018-08-18 18:00,24.1696,82.957,408,87.5497,1.8779,0.0079,0
2018-08-18 19:00,23.25,0,386,90.6,1.7316,0.0162,0
2018-08-18 20:00,22.4371,0,386,92.7739,1.659,0.0162,0
2018-08-18 21:00,21.7319,0,386,94.1811,1.6492,0.0162,0
2018-08-18 22:00,21.1126,0,386,95.0544,1.6827,0.0162,0
2018-08-18 23:00,20.5572,0,386,95.6268,1.74,0.0162,0
2018-08-19 00:00,20.0436,0,386,96.1311,1.8015,0.0162,0
2018-08-19 01:00,19.55,0,361,96.8,1.8476,0,0
2018-08-19 02:00,19.07,0,361,97.7756,1.8639,0,0
2018-08-19 03:00,18.6597,0,361,98.8369,1.8558,0,0
2018-08-19 04:00,18.3908,0,361,99.6719,1.8338,0,0
2018-08-19 05:00,18.335,0,361,99.9686,1.8083,0,0
2018-08-19 06:00,18.5642,96,361,99.4153,1.7898,0,0
2018-08-19 07:00,19.15,271.3008,390,97.7,1.7889,0.0071,0
2018-08-19 08:00,20.1238,413.9557,390,94.6625,1.8124,0.0071,0
2018-08-19 09:00,21.3554,535.2083,390,90.7491,1.8538,0.0071,0
2018-08-19 10:00,22.6744,626.7825,390,86.5581,1.9031,0.0071,0
2018-08-19 11:00,23.9102,682.4242,390,82.6875,1.9501,0.0071,0
2018-08-19 12:00,24.8922,698.3286,390,79.7354,1.9849,0.0071,0
2018-08-19 13:00,25.45,786.9413,383,78.3,1.9972,0.037,0
2018-08-19 14:00,25.464,712.0616,383,78.7926,1.9804,0.037,0
2018-08-19 15:00,25.0187,596.5256,383,80.8777,1.9397,0.037,0
2018-08-19 16:00,24.2492,448.1962,383,84.0332,1.8839,0.037,0
2018-08-19 17:00,23.2911,277.1726,383,87.7369,1.8217,0.037,0
2018-08-19 18:00,22.2796,95.1025,383,91.4665,1.7616,0.037,0
2018-08-19 19:00,21.35,0,373,94.7,1.7124,0.0034,0
2018-08-19 20:00,20.6099,0,373,97.0302,1.6813,0.0034,0
2018-08-19 21:00,20.0551,0,373,98.5104,1.6705,0.0034,0
2018-08-19 22:00,19.6537,0,373,99.3091,1.6809,0.0034,0
2018-08-19 23:00,19.3737,0,373,99.5946,1.7133,0.0034,0
2018-08-20 00:00,19.1831,0,373,99.5355,1.7685,0.0034,0
2018-08-20 01:00,19.05,0,406,99.3,1.8474,0.0083,0
2018-08-20 02:00,18.9474,0,406,99.0311,1.9487,0.0083,0
2018-08-20 03:00,18.8684,0,406,98.7695,2.0625,0.0083,0
2018-08-20 04:00,18.8111,0,406,98.5305,2.1768,0.0083,0
2018-08-20 05:00,18.7735,0,406,98.329,2.2796,0.0083,0
2018-08-20 06:00,18.7538,6,406,98.1805,2.359,0.0083,0
2018-08-20 07:00,18.75,30.1421,404,98.1,2.4028,0.0079,0
2018-08-20 08:00,18.7621,46.1209,404,98.0828,2.4023,0.0079,0
2018-08-20 09:00,18.7973,59.6976,404,98.0447,2.3616,0.0079,0
2018-08-20 10:00,18.8646,69.9454,404,97.8816,2.2879,0.0079,0
2018-08-20 11:00,18.9731,76.1645,404,97.4892,2.1885,0.0079,0
2018-08-20 12:00,19.1319,77.9295,404,96.7634,2.0707,0.0079,0
2018-08-20 13:00,19.35,383.4618,395,95.6,1.9418,8e-4,0
2018-08-20 14:00,19.6292,346.7275,395,93.9574,1.8089,8e-4,0
2018-08-20 15:00,19.9425,290.1039,395,92.0441,1.6787,8e-4,0
2018-08-20 16:00,20.2555,217.4448,395,90.1307,1.5578,8e-4,0
2018-08-20 17:00,20.534,133.6972,395,88.4884,1.4527,8e-4,0
2018-08-20 18:00,20.7436,44.5649,395,87.3878,1.3701,8e-4,0
2018-08-20 19:00,20.85,0,405,87.1,1.3165,0.0091,0
2018-08-20 20:00,20.8284,0,405,87.8087,1.2957,0.0091,0
2018-08-20 21:00,20.6919,0,405,89.3494,1.2995,0.0091,0
2018-08-20 22:00,20.4632,0,405,91.4704,1.3171,0.0091,0
2018-08-20 23:00,20.1649,0,405,93.9203,1.3376,0.0091,0
2018-08-21 00:00,19.8196,0,405,96.4473,1.3502,0.0091,0
2018-08-21 01:00,19.45,0,409,98.8,1.3439,0.0227,0
2018-08-21 02:00,19.0868,0,409,0,1.3121,0.0227,0
2018-08-21 03:00,18.7936,0,409,0,1.265,0.0227,0
2018-08-21 04:00,18.6417,0,409,0,1.2172,0.0227,0
2018-08-21 05:00,18.7028,0,409,0,1.1832,0.0227,0
2018-08-21 06:00,19.0484,12,409,0,1.1775,0.0227,0
2018-08-21 07:00,19.75,150.6362,414,99,1.2146,0.0101,0
2018-08-21 08:00,20.8376,231.1478,414,95.4651,1.302,0.0101,0
2018-08-21 09:00,22.1746,299.5302,414,91.2241,1.4193,0.0101,0
2018-08-21 10:00,23.5825,351.1158,414,86.867,1.5388,0.0101,0
2018-08-21 11:00,24.8833,382.3813,414,82.9839,1.6332,0.0101,0
2018-08-21 12:00,25.8986,391.1887,414,80.1649,1.6748,0.0101,0
2018-08-21 13:00,26.45,702.8025,407,79,1.6362,0.0229,0
2018-08-21 14:00,26.4155,635.011,407,79.8753,1.5009,0.0229,0
2018-08-21 15:00,25.8971,530.6218,407,82.36,1.2974,0.0229,0
2018-08-21 16:00,25.0532,396.739,407,85.8196,1.065,0.0229,0
2018-08-21 17:00,24.0418,242.4787,407,89.6193,0.8432,0.0229,0
2018-08-21 18:00,23.0214,78.347,407,93.1243,0.6716,0.0229,0
2018-08-21 19:00,22.15,0,385,95.7,0.5894,1e-4,0
2018-08-21 20:00,21.5454,0,385,96.8982,0.6239,1e-4,0
2018-08-21 21:00,21.163,0,385,97.0173,0.753,1e-4,0
2018-08-21 22:00,20.9174,0,385,96.5421,0.9423,1e-4,0
2018-08-21 23:00,20.7236,0,385,95.9575,1.1572,1e-4,0
2018-08-22 00:00,20.4962,0,385,95.7485,1.3634,1e-4,0
2018-08-22 01:00,20.15,0,374,96.4,1.5264,0.0264,0
2018-08-22 02:00,19.6417,0,374,98.1772,1.6209,0.0264,0
2018-08-22 03:00,19.0955,0,374,0,1.6575,0.0264,0
2018-08-22 04:00,18.6771,0,374,0,1.6562,0.0264,0
2018-08-22 05:00,18.5528,0,374,0,1.6366,0.0264,0
2018-08-22 06:00,18.8885,84,374,0,1.6185,0.0264,0
2018-08-22 07:00,19.85,315.07,387,98.1,1.6219,0.0096,0
2018-08-22 08:00,21.5224,484.8622,387,90.8387,1.6591,0.0096,0
2018-08-22 09:00,23.6664,629.0187,387,81.3476,1.7132,0.0096,0
2018-08-22 10:00,25.9615,737.6995,387,71.0473,1.7602,0.0096,0
2018-08-22 11:00,28.0874,803.482,387,61.3587,1.7759,0.0096,0
2018-08-22 12:00,29.7237,821.8675,387,53.7027,1.736,0.0096,0
2018-08-22 13:00,30.55,692.2849,406,49.5,1.6164,0.0048,0
2018-08-22 14:00,30.3469,625.0367,406,49.7359,1.4049,0.0048,0
2018-08-22 15:00,29.2983,521.5933,406,53.6538,1.1363,0.0048,0
2018-08-22 16:00,27.6894,388.9949,406,60.0613,0.8577,0.0048,0
2018-08-22 17:00,25.805,236.27,406,67.7664,0.6157,0.0048,0
2018-08-22 18:00,23.9302,73.8203,406,75.5767,0.4574,0.0048,0
2018-08-22 19:00,22.35,0,372,82.3,0.4295,0.0049,0
2018-08-22 20:00,21.2791,0,372,87.0356,0.5631,0.0049,0
2018-08-22 21:00,20.6515,0,372,90.0485,0.8254,0.0049,0
2018-08-22 22:00,20.3311,0,372,91.8949,1.1679,0.0049,0
2018-08-22 23:00,20.1815,0,372,93.1314,1.5421,0.0049,0
2018-08-23 00:00,20.0666,0,372,94.3143,1.8994,0.0049,0
2018-08-23 01:00,19.85,0,366,96,2.1913,0,0
2018-08-23 02:00,19.4483,0,366,98.5114,2.3803,0,0
2018-08-23 03:00,18.9881,0,366,0,2.4738,0,0
2018-08-23 04:00,18.6488,0,366,0,2.4903,0,0
2018-08-23 05:00,18.6098,0,366,0,2.4482,0,0
2018-08-23 06:00,19.0504,90,366,0,2.366,0,0
2018-08-23 07:00,20.15,325.2708,384,97.4,2.2621000000000002,0,0
2018-08-23 08:00,22.0024,502.021,384,88.9415,2.1531,0,0
2018-08-23 09:00,24.3592,652.0243,384,78.0829,2.0469,0,0
2018-08-23 10:00,26.8863,765.0414,384,66.432,1.9497,0,0
2018-08-23 11:00,29.2499,833.3536,384,55.5961,1.8675,0,0
2018-08-23 12:00,31.1157,852.2889,384,47.1829,1.8065,0,0
2018-08-23 13:00,32.15,740.8879,404,42.8,1.7726,0.0073,0
2018-08-23 14:00,32.1204,668.4003,404,43.5491,1.7696,0.0073,0
2018-08-23 15:00,31.2011,557.019,404,48.5085,1.7914,0.0073,0
2018-08-23 16:00,29.6684,414.3247,404,56.2507,1.8297,0.0073,0
2018-08-23 17:00,27.7983,250.0334,404,65.3484,1.876,0.0073,0
2018-08-23 18:00,25.8668,75.3346,404,74.374,1.9219,0.0073,0
2018-08-23 19:00,24.15,0,375,81.9,1.959,0,0
2018-08-23 20:00,22.8603,0,375,86.8517,1.9803,0,0
2018-08-23 21:00,21.9549,0,375,89.5647,1.9846,0,0
2018-08-23 22:00,21.3277,0,375,90.7276,1.9721,0,0
2018-08-23 23:00,20.872,0,375,91.0289,1.9431,0,0
2018-08-24 00:00,20.4816,0,375,91.1568,1.8977,0,0
2018-08-24 01:00,20.05,0,357,91.8,1.8362,0,0
2018-08-24 02:00,19.5145,0,357,93.4059,1.7602,0,0
2018-08-24 03:00,18.9865,0,357,95.4586,1.677,0,0
2018-08-24 04:00,18.6211,0,357,97.2013,1.5953,0,0
2018-08-24 05:00,18.5732,0,357,97.8769,1.5238,0,0
2018-08-24 06:00,18.9978,90,357,96.7288,1.4713,0,0
2018-08-24 07:00,20.05,323.0107,385,93,1.4463,0.001,0
2018-08-24 08:00,21.8062,500.005,385,86.277,1.4535,0.001,0
2018-08-24 09:00,24.0286,650.1526,385,77.5193,1.4812,0.001,0
2018-08-24 10:00,26.4006,763.2042,385,68.0298,1.5136,0.001,0
2018-08-24 11:00,28.6058,831.4385,385,59.1116,1.5349,0.001,0
2018-08-24 12:00,30.3278,850.189,385,52.0673,1.5292,0.001,0
2018-08-24 13:00,31.25,748.6983,402,48.2,1.4807,0.0042,0
2018-08-24 14:00,31.1523,674.9091,402,48.4182,1.38,0.0042,0
2018-08-24 15:00,30.1992,561.655,402,52.0532,1.2428,0.0042,0
2018-08-24 16:00,28.6516,416.6444,402,58.0419,1.0916,0.0042,0
2018-08-24 17:00,26.7703,249.7512,402,65.3213,0.9483,0.0042,0
2018-08-24 18:00,24.8162,72.342,402,72.8283,0.8354,0.0042,0
2018-08-24 19:00,23.05,0,372,79.5,0.7749,0.0022,0
2018-08-24 20:00,21.6759,0,372,84.5193,0.7819,0.0022,0
2018-08-24 21:00,20.6709,0,372,88.0533,0.8426,0.0022,0
2018-08-24 22:00,19.9555,0,372,90.5152,0.9359,0.0022,0
2018-08-24 23:00,19.4499,0,372,92.3181,1.0407,0.0022,0
2018-08-25 00:00,19.0746,0,372,93.8754,1.136,0.0022,0
2018-08-25 01:00,18.75,0,360,95.6,1.2007,0.0039,0
2018-08-25 02:00,18.428,0,360,97.7353,1.22,0.0039,0
2018-08-25 03:00,18.1876,0,360,99.8449,1.2039,0.0039,0
2018-08-25 04:00,18.139,0,360,0,1.1688,0.0039,0
2018-08-25 05:00,18.393,0,360,0,1.1308,0.0039,0
2018-08-25 06:00,19.0598,84,360,99.9563,1.1062,0.0039,0
2018-08-25 07:00,20.25,315.3334,388,95.9,1.1114,0.0048,0
2018-08-25 08:00,22.0101,489.5793,388,89.1034,1.1576,0.0048,0
2018-08-25 09:00,24.1307,637.3315,388,80.5448,1.2366,0.0048,0
2018-08-25 10:00,26.3383,748.5039,388,71.5199,1.3351,0.0048,0
2018-08-25 11:00,28.3597,815.5035,388,63.3238,1.44,0.0048,0
2018-08-25 12:00,29.9214,833.7483,388,57.2521,1.5381,0.0048,0
2018-08-25 13:00,30.75,769.8802,402,54.6,1.6161,0.0128,0
2018-08-25 14:00,30.6584,693.4362,402,56.2383,1.664,0.0128,0
2018-08-25 15:00,29.8046,576.2432,402,61.3387,1.6847,0.0128,0
2018-08-25 16:00,28.4326,426.2774,402,68.648,1.684,0.0128,0
2018-08-25 17:00,26.7868,253.7503,402,76.9134,1.6681,0.0128,0
2018-08-25 18:00,25.1112,70.4127,402,84.8817,1.6427,0.0128,0
2018-08-25 19:00,23.65,0,380,91.3,1.614,1e-4,0
2018-08-25 20:00,22.5896,0,380,95.2407,1.5869,1e-4,0
2018-08-25 21:00,21.8844,0,380,97.0783,1.5628,1e-4,0
2018-08-25 22:00,21.4312,0,380,97.513,1.5421,1e-4,0
2018-08-25 23:00,21.1266,0,380,97.2448,1.525,1e-4,0
2018-08-26 00:00,20.8673,0,380,96.9738,1.512,1e-4,0
2018-08-26 01:00,20.55,0,373,97.4,1.5034,4e-4,0
2018-08-26 02:00,20.1144,0,373,98.968,1.4994,4e-4,0
2018-08-26 03:00,19.6727,0,373,0,1.4999,4e-4,0
2018-08-26 04:00,19.3802,0,373,0,1.5045,4e-4,0
2018-08-26 05:00,19.392,0,373,0,1.5129,4e-4,0
2018-08-26 06:00,19.8635,84,373,0,1.5246,4e-4,0
2018-08-26 07:00,20.95,313.5905,396,98.6,1.5394,0.0043,0
2018-08-26 08:00,22.7287,488.3455,396,91.4267,1.5564,0.0043,0
2018-08-26 09:00,24.9655,636.4631,396,82.07,1.5723,0.0043,0
2018-08-26 10:00,27.3482,747.8322,396,71.9494,1.5835,0.0043,0
2018-08-26 11:00,29.5646,814.8464,396,62.4846,1.5863,0.0043,0
2018-08-26 12:00,31.3025,832.9224,396,55.0949,1.5769,0.0043,0
2018-08-26 13:00,32.25,674.9322,419,51.2,1.5517,0.0087,0
2018-08-26 14:00,32.1915,607.4061,419,51.7739,1.509,0.0087,0
2018-08-26 15:00,31.2986,504.0075,419,56.009,1.4563,0.0087,0
2018-08-26 16:00,29.8397,371.7738,419,62.6522,1.4028,0.0087,0
2018-08-26 17:00,28.0831,219.7093,419,70.4505,1.3582,0.0087,0
2018-08-26 18:00,26.2971,58.171,419,78.1508,1.3318,0.0087,0
2018-08-26 19:00,24.75,0,392,84.5,1.333,0,0
2018-08-26 20:00,23.6451,0,392,88.5634,1.3681,0,0
2018-08-26 21:00,22.9253,0,392,90.6792,1.43,0,0
2018-08-26 22:00,22.4681,0,392,91.5042,1.5081,0,0
2018-08-26 23:00,22.1514,0,392,91.6949,1.5921,0,0
2018-08-27 00:00,21.8527,0,392,91.908,1.6716,0,0
2018-08-27 01:00,21.45,0,377,92.8,1.7361,8e-4,0
2018-08-27 02:00,20.8738,0,377,94.7749,1.7767,8e-4,0
2018-08-27 03:00,20.267,0,377,97.2259,1.7905,8e-4,0
2018-08-27 04:00,19.8254,0,377,99.2934,1.7757,8e-4,0
2018-08-27 05:00,19.7448,0,377,0,1.731,8e-4,0
2018-08-27 06:00,20.2211,78,377,98.84,1.6548,8e-4,0
2018-08-27 07:00,21.45,311.846,404,94.6,1.5455,2e-4,0
2018-08-27 08:00,23.5318,487.1148,404,86.9273,1.4053,2e-4,0
2018-08-27 09:00,26.1844,635.5995,404,76.9061,1.2513,2e-4,0
2018-08-27 10:00,29.0302,747.1639,404,66.0097,1.1043,2e-4,0
2018-08-27 11:00,31.6915,814.1879,404,55.7111,0.9849,2e-4,0
2018-08-27 12:00,33.7907,832.0878,404,47.4835,0.914,2e-4,0
2018-08-27 13:00,34.95,707.7976,418,42.8,0.9124,0.0015,0
2018-08-27 14:00,34.9068,636.4357,418,42.6883,0.9927,0.0015,0
2018-08-27 15:00,33.8582,527.296,418,46.3942,1.1348,0.0015,0
2018-08-27 16:00,32.1161,387.807,418,52.718,1.3107,0.0015,0
2018-08-27 17:00,29.9928,227.467,418,60.46,1.4923,0.0015,0
2018-08-27 18:00,27.8,57.1968,418,68.4205,1.6514,0.0015,0
2018-08-27 19:00,25.85,0,390,75.4,1.76,0.0016,0
2018-08-27 20:00,24.384,0,390,80.4811,1.7977,0.0016,0
2018-08-27 21:00,23.3606,0,390,83.8765,1.7753,0.0016,0
2018-08-27 22:00,22.6677,0,390,86.081,1.7113,0.0016,0
2018-08-27 23:00,22.193,0,390,87.5898,1.6242,0.0016,0
2018-08-28 00:00,21.8245,0,390,88.8978,1.5326,0.0016,0
2018-08-28 01:00,21.45,0,377,90.5,1.455,0,0
2018-08-28 02:00,20.9997,0,377,92.6909,1.4063,0,0
2018-08-28 03:00,20.5734,0,377,94.963,1.3868,0,0
2018-08-28 04:00,20.3132,0,377,96.608,1.393,0,0
2018-08-28 05:00,20.3611,0,377,96.9179,1.4215,0,0
2018-08-28 06:00,20.8594,78,377,95.1846,1.4691,0,0
2018-08-28 07:00,21.95,308.6394,397,90.7,1.5322,0.0054,0
2018-08-28 08:00,23.7004,483.599,397,83.1117,1.6068,0.0054,0
2018-08-28 09:00,25.879,631.7515,397,73.4902,1.6866,0.0054,0
2018-08-28 10:00,28.1796,742.9832,397,63.262,1.7642,0.0054,0
2018-08-28 11:00,30.2958,809.697,397,53.8534,1.8327,0.0054,0
2018-08-28 12:00,31.9214,827.3299,397,46.6906,1.8849,0.0054,0
2018-08-28 13:00,32.75,689.033,413,43.2,1.9137,0.0092,0
2018-08-28 14:00,32.5713,619.0168,413,44.3578,1.9146,0.0092,0
2018-08-28 15:00,31.5586,512.0684,413,49.3391,1.8942,0.0092,0
2018-08-28 16:00,29.9809,375.4669,413,56.869,1.8615,0.0092,0
2018-08-28 17:00,28.1075,218.5143,413,65.6724,1.8256,0.0092,0
2018-08-28 18:00,26.2075,51.9007,413,74.4744,1.7956,0.0092,0
2018-08-28 19:00,24.55,0,389,82,1.7806,2e-4,0
2018-08-28 20:00,23.3407,0,389,87.2832,1.7868,2e-4,0
2018-08-28 21:00,22.5311,0,389,90.5942,1.8083,2e-4,0
2018-08-28 22:00,22.0092,0,389,92.512200000000007,1.8365,2e-4,0
2018-08-28 23:00,21.663,0,389,93.6163,1.8624,2e-4,0
2018-08-29 00:00,21.3806,0,389,94.4859,1.8775,2e-4,0
2018-08-29 01:00,21.05,0,373,95.7,1.8728,0,0
2018-08-29 02:00,20.6007,0,373,97.6307,1.8431,0,0
2018-08-29 03:00,20.1283,0,373,99.8212,1.7975,0,0
2018-08-29 04:00,19.7699,0,373,0,1.7484,0,0
2018-08-29 05:00,19.6627,0,373,0,1.7082,0,0
2018-08-29 06:00,19.9436,72,373,0,1.6895,0,0
2018-08-29 07:00,20.75,303.0187,394,97.9,1.7047,0.0053,0
2018-08-29 08:00,22.1524,476.2803,394,91.7486,1.7613,0.0053,0
2018-08-29 09:00,23.9558,622.9235,394,83.7916,1.8465,0.0053,0
2018-08-29 10:00,25.8987,732.9377,394,75.2835,1.9422,0.0053,0
2018-08-29 11:00,27.7198,798.8086,394,67.4791,2.0306,0.0053,0
2018-08-29 12:00,29.1573,816.0312,394,61.633,2.0938,0.0053,0
2018-08-29 13:00,29.95,745.9388,402,59,2.1138,0.0143,0
2018-08-29 14:00,29.9166,669.5352,402,60.4271,2.079,0.0143,0
2018-08-29 15:00,29.1966,552.9777,402,65.1311,2.0029,0.0143,0
2018-08-29 16:00,28.0101,404.2,402,71.9211,1.9054,0.0143,0
2018-08-29 17:00,26.5769,233.3332,402,79.6065,1.8062,0.0143,0
2018-08-29 18:00,25.1169,52.0152,402,86.9964,1.7251,0.0143,0
2018-08-29 19:00,23.85,0,384,92.9,1.6819,0.0031,0
2018-08-29 20:00,22.9425,0,384,96.437,1.6899,0.0031,0
2018-08-29 21:00,22.3466,0,384,97.9694,1.7353,0.0031,0
2018-08-29 22:00,21.9608,0,384,98.1694,1.7981,0.0031,0
2018-08-29 23:00,21.6837,0,384,97.7096,1.8581,0.0031,0
2018-08-30 00:00,21.4139,0,384,97.2623,1.895,0.0031,0
2018-08-30 01:00,21.05,0,374,97.5,1.8886,0,0
2018-08-30 02:00,20.5342,0,374,98.8447,1.8261,0,0
2018-08-30 03:00,19.9837,0,374,0,1.7239,0,0
2018-08-30 04:00,19.5592,0,374,0,1.6057,0,0
2018-08-30 05:00,19.4215,0,374,0,1.4952,0,0
2018-08-30 06:00,19.7315,72,374,0,1.4163,0,0
2018-08-30 07:00,20.65,295.9793,395,96.9,1.3926,0.0012,0
2018-08-30 08:00,22.2609,466.692,395,89.348,1.4399,0.0012,0
2018-08-30 09:00,24.341,611.1058,395,79.6056,1.5419,0.0012,0
2018-08-30 10:00,26.5901,719.362,395,69.1011,1.6742,0.0012,0
2018-08-30 11:00,28.708,784.0667,395,59.2631,1.8124,0.0012,0
2018-08-30 12:00,30.3947,800.7942,395,51.5199,1.9324,0.0012,0
2018-08-30 13:00,31.35,718.8472,410,47.3,2.0096,0.0104,0
2018-08-30 14:00,31.3633,644.6221,410,47.5969,2.0266,0.0104,0
2018-08-30 15:00,30.582,531.5343,410,51.6639,1.9926,0.0104,0
2018-08-30 16:00,29.2431,387.2814,410,58.3194,1.924,0.0104,0
2018-08-30 17:00,27.5835,221.6864,410,66.3817,1.8367,0.0104,0
2018-08-30 18:00,25.8401,46.0285,410,74.6691,1.747,0.0104,0
2018-08-30 19:00,24.25,0,386,82,1.6709,0,0
2018-08-30 20:00,23.0003,0,386,87.4481,1.621,0,0
2018-08-30 21:00,22.0792,0,386,91.1091,1.595,0,0
2018-08-30 22:00,21.4252,0,386,93.3337,1.587,0,0
2018-08-30 23:00,20.9767,0,386,94.4731,1.5912,0,0
2018-08-31 00:00,20.6721,0,386,94.8782,1.6016,0,0
2018-08-31 01:00,20.45,0,366,94.9,1.6123,3e-4,0
2018-08-31 02:00,20.2587,0,366,94.8383,1.6181,3e-4,0
2018-08-31 03:00,20.0863,0,366,94.7887,1.6169,3e-4,0
2018-08-31 04:00,19.9312,0,366,94.7956,1.6072,3e-4,0
2018-08-31 05:00,19.7913,0,366,94.9035,1.5874,3e-4,0
2018-08-31 06:00,19.6648,22.5958,366,95.1568,1.5561,3e-4,0
2018-08-31 07:00,19.55,61.4042,366,95.6,1.5117,3e-4,0
